"Timestamp","Component","Service","Url","Concurrency","RequestNumber","StatusCode","ResponseTimeMs","Success","Error"
"2026-05-25 12:35:02","Modulo Batch","content-service","http://localhost:8081/api/courses/1/modules","500","1","200","467,68","True",""
"2026-05-25 12:35:02","Modulo Batch","content-service","http://localhost:8081/api/courses/1/modules","500","2","200","453,3","True",""
"2026-05-25 12:35:02","Modulo Batch","content-service","http://localhost:8081/api/courses/1/modules","500","3","200","474,59","True",""
"2026-05-25 12:35:02","Modulo Batch","content-service","http://localhost:8081/api/courses/1/modules","500","4","200","482,09","True",""
"2026-05-25 12:35:02","Modulo Batch","content-service","http://localhost:8081/api/courses/1/modules","500","5","200","458,49","True",""
"2026-05-25 12:35:02","Modulo Batch","content-service","http://localhost:8081/api/courses/1/modules","500","6","200","455,64","True",""
"2026-05-25 12:35:02","Modulo Batch","content-service","http://localhost:8081/api/courses/1/modules","500","7","200","181,99","True",""
"2026-05-25 12:35:02","Modulo Batch","content-service","http://localhost:8081/api/courses/1/modules","500","8","200","454,38","True",""
"2026-05-25 12:35:02","Modulo Batch","content-service","http://localhost:8081/api/courses/1/modules","500","9","200","456,57","True",""
"2026-05-25 12:35:02","Modulo Batch","content-service","http://localhost:8081/api/courses/1/modules","500","10","200","461,02","True",""
"2026-05-25 12:35:02","Modulo Batch","content-service","http://localhost:8081/api/courses/1/modules","500","11","200","101,25","True",""
"2026-05-25 12:35:02","Modulo Batch","content-service","http://localhost:8081/api/courses/1/modules","500","12","200","105,25","True",""
"2026-05-25 12:35:02","Modulo Batch","content-service","http://localhost:8081/api/courses/1/modules","500","13","200","102,21","True",""
"2026-05-25 12:35:02","Modulo Batch","content-service","http://localhost:8081/api/courses/1/modules","500","14","200","112,83","True",""
"2026-05-25 12:35:02","Modulo Batch","content-service","http://localhost:8081/api/courses/1/modules","500","15","200","463,27","True",""
"2026-05-25 12:35:02","Modulo Batch","content-service","http://localhost:8081/api/courses/1/modules","500","16","200","104,19","True",""
"2026-05-25 12:35:02","Modulo Batch","content-service","http://localhost:8081/api/courses/1/modules","500","17","200","54,12","True",""
"2026-05-25 12:35:02","Modulo Batch","content-service","http://localhost:8081/api/courses/1/modules","500","18","200","426,99","True",""
"2026-05-25 12:35:02","Modulo Batch","content-service","http://localhost:8081/api/courses/1/modules","500","19","200","422,55","True",""
"2026-05-25 12:35:02","Modulo Batch","content-service","http://localhost:8081/api/courses/1/modules","500","20","200","456,77","True",""
"2026-05-25 12:35:02","Modulo Batch","content-service","http://localhost:8081/api/courses/1/modules","500","21","200","416,77","True",""
"2026-05-25 12:35:02","Modulo Batch","content-service","http://localhost:8081/api/courses/1/modules","500","22","200","429,84","True",""
"2026-05-25 12:35:02","Modulo Batch","content-service","http://localhost:8081/api/courses/1/modules","500","23","200","436,81","True",""
"2026-05-25 12:35:02","Modulo Batch","content-service","http://localhost:8081/api/courses/1/modules","500","24","200","63,4","True",""
"2026-05-25 12:35:02","Modulo Batch","content-service","http://localhost:8081/api/courses/1/modules","500","25","200","443,46","True",""
"2026-05-25 12:35:02","Modulo Batch","content-service","http://localhost:8081/api/courses/1/modules","500","26","200","435,97","True",""
"2026-05-25 12:35:02","Modulo Batch","content-service","http://localhost:8081/api/courses/1/modules","500","27","200","449,61","True",""
"2026-05-25 12:35:02","Modulo Batch","content-service","http://localhost:8081/api/courses/1/modules","500","28","200","460,7","True",""
"2026-05-25 12:35:02","Modulo Batch","content-service","http://localhost:8081/api/courses/1/modules","500","29","200","462,52","True",""
"2026-05-25 12:35:02","Modulo Batch","content-service","http://localhost:8081/api/courses/1/modules","500","30","200","441,16","True",""
"2026-05-25 12:35:02","Modulo Batch","content-service","http://localhost:8081/api/courses/1/modules","500","31","200","439,1","True",""
"2026-05-25 12:35:02","Modulo Batch","content-service","http://localhost:8081/api/courses/1/modules","500","32","200","452,34","True",""
"2026-05-25 12:35:02","Modulo Batch","content-service","http://localhost:8081/api/courses/1/modules","500","33","200","465,11","True",""
"2026-05-25 12:35:02","Modulo Batch","content-service","http://localhost:8081/api/courses/1/modules","500","34","200","430,12","True",""
"2026-05-25 12:35:02","Modulo Batch","content-service","http://localhost:8081/api/courses/1/modules","500","35","200","446,74","True",""
"2026-05-25 12:35:02","Modulo Batch","content-service","http://localhost:8081/api/courses/1/modules","500","36","200","457,05","True",""
"2026-05-25 12:35:02","Modulo Batch","content-service","http://localhost:8081/api/courses/1/modules","500","37","200","423,41","True",""
"2026-05-25 12:35:02","Modulo Batch","content-service","http://localhost:8081/api/courses/1/modules","500","38","200","450,4","True",""
"2026-05-25 12:35:02","Modulo Batch","content-service","http://localhost:8081/api/courses/1/modules","500","39","200","444,81","True",""
"2026-05-25 12:35:02","Modulo Batch","content-service","http://localhost:8081/api/courses/1/modules","500","40","200","523,02","True",""
"2026-05-25 12:35:02","Modulo Batch","content-service","http://localhost:8081/api/courses/1/modules","500","41","200","420,25","True",""
"2026-05-25 12:35:02","Modulo Batch","content-service","http://localhost:8081/api/courses/1/modules","500","42","200","453,54","True",""
"2026-05-25 12:35:02","Modulo Batch","content-service","http://localhost:8081/api/courses/1/modules","500","43","200","486,42","True",""
"2026-05-25 12:35:02","Modulo Batch","content-service","http://localhost:8081/api/courses/1/modules","500","44","200","475,6","True",""
"2026-05-25 12:35:02","Modulo Batch","content-service","http://localhost:8081/api/courses/1/modules","500","45","200","473,38","True",""
"2026-05-25 12:35:02","Modulo Batch","content-service","http://localhost:8081/api/courses/1/modules","500","46","200","478,36","True",""
"2026-05-25 12:35:02","Modulo Batch","content-service","http://localhost:8081/api/courses/1/modules","500","47","200","514,33","True",""
"2026-05-25 12:35:02","Modulo Batch","content-service","http://localhost:8081/api/courses/1/modules","500","48","200","529,19","True",""
"2026-05-25 12:35:02","Modulo Batch","content-service","http://localhost:8081/api/courses/1/modules","500","49","200","503,37","True",""
"2026-05-25 12:35:02","Modulo Batch","content-service","http://localhost:8081/api/courses/1/modules","500","50","200","555,32","True",""
"2026-05-25 12:35:02","Modulo Batch","content-service","http://localhost:8081/api/courses/1/modules","500","51","200","465,63","True",""
"2026-05-25 12:35:02","Modulo Batch","content-service","http://localhost:8081/api/courses/1/modules","500","52","200","510,38","True",""
"2026-05-25 12:35:02","Modulo Batch","content-service","http://localhost:8081/api/courses/1/modules","500","53","200","570,62","True",""
"2026-05-25 12:35:02","Modulo Batch","content-service","http://localhost:8081/api/courses/1/modules","500","54","200","479,5","True",""
"2026-05-25 12:35:02","Modulo Batch","content-service","http://localhost:8081/api/courses/1/modules","500","55","200","466,54","True",""
"2026-05-25 12:35:02","Modulo Batch","content-service","http://localhost:8081/api/courses/1/modules","500","56","200","485,11","True",""
"2026-05-25 12:35:02","Modulo Batch","content-service","http://localhost:8081/api/courses/1/modules","500","57","200","465,83","True",""
"2026-05-25 12:35:02","Modulo Batch","content-service","http://localhost:8081/api/courses/1/modules","500","58","200","480,68","True",""
"2026-05-25 12:35:02","Modulo Batch","content-service","http://localhost:8081/api/courses/1/modules","500","59","200","486,22","True",""
"2026-05-25 12:35:02","Modulo Batch","content-service","http://localhost:8081/api/courses/1/modules","500","60","200","529,44","True",""
"2026-05-25 12:35:02","Modulo Batch","content-service","http://localhost:8081/api/courses/1/modules","500","61","200","512,47","True",""
"2026-05-25 12:35:02","Modulo Batch","content-service","http://localhost:8081/api/courses/1/modules","500","62","200","477,71","True",""
"2026-05-25 12:35:02","Modulo Batch","content-service","http://localhost:8081/api/courses/1/modules","500","63","200","489,59","True",""
"2026-05-25 12:35:02","Modulo Batch","content-service","http://localhost:8081/api/courses/1/modules","500","64","200","505,22","True",""
"2026-05-25 12:35:02","Modulo Batch","content-service","http://localhost:8081/api/courses/1/modules","500","65","200","507,94","True",""
"2026-05-25 12:35:02","Modulo Batch","content-service","http://localhost:8081/api/courses/1/modules","500","66","200","494,94","True",""
"2026-05-25 12:35:02","Modulo Batch","content-service","http://localhost:8081/api/courses/1/modules","500","67","200","570,58","True",""
"2026-05-25 12:35:02","Modulo Batch","content-service","http://localhost:8081/api/courses/1/modules","500","68","200","538,05","True",""
"2026-05-25 12:35:02","Modulo Batch","content-service","http://localhost:8081/api/courses/1/modules","500","69","200","485,04","True",""
"2026-05-25 12:35:02","Modulo Batch","content-service","http://localhost:8081/api/courses/1/modules","500","70","200","541,41","True",""
"2026-05-25 12:35:02","Modulo Batch","content-service","http://localhost:8081/api/courses/1/modules","500","71","200","492,51","True",""
"2026-05-25 12:35:02","Modulo Batch","content-service","http://localhost:8081/api/courses/1/modules","500","72","200","520,89","True",""
"2026-05-25 12:35:02","Modulo Batch","content-service","http://localhost:8081/api/courses/1/modules","500","73","200","500,48","True",""
"2026-05-25 12:35:02","Modulo Batch","content-service","http://localhost:8081/api/courses/1/modules","500","74","200","502,59","True",""
"2026-05-25 12:35:02","Modulo Batch","content-service","http://localhost:8081/api/courses/1/modules","500","75","200","490,07","True",""
"2026-05-25 12:35:02","Modulo Batch","content-service","http://localhost:8081/api/courses/1/modules","500","76","200","546,79","True",""
"2026-05-25 12:35:02","Modulo Batch","content-service","http://localhost:8081/api/courses/1/modules","500","77","200","513,15","True",""
"2026-05-25 12:35:02","Modulo Batch","content-service","http://localhost:8081/api/courses/1/modules","500","78","200","495,76","True",""
"2026-05-25 12:35:02","Modulo Batch","content-service","http://localhost:8081/api/courses/1/modules","500","79","200","580,81","True",""
"2026-05-25 12:35:02","Modulo Batch","content-service","http://localhost:8081/api/courses/1/modules","500","80","200","577,18","True",""
"2026-05-25 12:35:02","Modulo Batch","content-service","http://localhost:8081/api/courses/1/modules","500","81","200","512,78","True",""
"2026-05-25 12:35:02","Modulo Batch","content-service","http://localhost:8081/api/courses/1/modules","500","82","200","589,95","True",""
"2026-05-25 12:35:02","Modulo Batch","content-service","http://localhost:8081/api/courses/1/modules","500","83","200","525,93","True",""
"2026-05-25 12:35:02","Modulo Batch","content-service","http://localhost:8081/api/courses/1/modules","500","84","200","551,26","True",""
"2026-05-25 12:35:02","Modulo Batch","content-service","http://localhost:8081/api/courses/1/modules","500","85","200","556,85","True",""
"2026-05-25 12:35:02","Modulo Batch","content-service","http://localhost:8081/api/courses/1/modules","500","86","200","534,41","True",""
"2026-05-25 12:35:02","Modulo Batch","content-service","http://localhost:8081/api/courses/1/modules","500","87","200","584,27","True",""
"2026-05-25 12:35:02","Modulo Batch","content-service","http://localhost:8081/api/courses/1/modules","500","88","200","598,87","True",""
"2026-05-25 12:35:02","Modulo Batch","content-service","http://localhost:8081/api/courses/1/modules","500","89","200","520,44","True",""
"2026-05-25 12:35:02","Modulo Batch","content-service","http://localhost:8081/api/courses/1/modules","500","90","200","707,04","True",""
"2026-05-25 12:35:02","Modulo Batch","content-service","http://localhost:8081/api/courses/1/modules","500","91","200","552,68","True",""
"2026-05-25 12:35:02","Modulo Batch","content-service","http://localhost:8081/api/courses/1/modules","500","92","200","558,13","True",""
"2026-05-25 12:35:02","Modulo Batch","content-service","http://localhost:8081/api/courses/1/modules","500","93","200","695,35","True",""
"2026-05-25 12:35:02","Modulo Batch","content-service","http://localhost:8081/api/courses/1/modules","500","94","200","515,44","True",""
"2026-05-25 12:35:02","Modulo Batch","content-service","http://localhost:8081/api/courses/1/modules","500","95","200","541,34","True",""
"2026-05-25 12:35:02","Modulo Batch","content-service","http://localhost:8081/api/courses/1/modules","500","96","200","543,09","True",""
"2026-05-25 12:35:02","Modulo Batch","content-service","http://localhost:8081/api/courses/1/modules","500","97","200","697,59","True",""
"2026-05-25 12:35:02","Modulo Batch","content-service","http://localhost:8081/api/courses/1/modules","500","98","200","552,8","True",""
"2026-05-25 12:35:02","Modulo Batch","content-service","http://localhost:8081/api/courses/1/modules","500","99","200","524,96","True",""
"2026-05-25 12:35:02","Modulo Batch","content-service","http://localhost:8081/api/courses/1/modules","500","100","200","614,19","True",""
"2026-05-25 12:35:02","Modulo Batch","content-service","http://localhost:8081/api/courses/1/modules","500","101","200","557,27","True",""
"2026-05-25 12:35:02","Modulo Batch","content-service","http://localhost:8081/api/courses/1/modules","500","102","200","590,4","True",""
"2026-05-25 12:35:02","Modulo Batch","content-service","http://localhost:8081/api/courses/1/modules","500","103","200","525,16","True",""
"2026-05-25 12:35:02","Modulo Batch","content-service","http://localhost:8081/api/courses/1/modules","500","104","200","622,46","True",""
"2026-05-25 12:35:02","Modulo Batch","content-service","http://localhost:8081/api/courses/1/modules","500","105","200","558,9","True",""
"2026-05-25 12:35:02","Modulo Batch","content-service","http://localhost:8081/api/courses/1/modules","500","106","200","649,49","True",""
"2026-05-25 12:35:02","Modulo Batch","content-service","http://localhost:8081/api/courses/1/modules","500","107","200","573,46","True",""
"2026-05-25 12:35:02","Modulo Batch","content-service","http://localhost:8081/api/courses/1/modules","500","108","200","568,47","True",""
"2026-05-25 12:35:02","Modulo Batch","content-service","http://localhost:8081/api/courses/1/modules","500","109","200","531,55","True",""
"2026-05-25 12:35:02","Modulo Batch","content-service","http://localhost:8081/api/courses/1/modules","500","110","200","581,71","True",""
"2026-05-25 12:35:02","Modulo Batch","content-service","http://localhost:8081/api/courses/1/modules","500","111","200","535,12","True",""
"2026-05-25 12:35:02","Modulo Batch","content-service","http://localhost:8081/api/courses/1/modules","500","112","200","627,66","True",""
"2026-05-25 12:35:02","Modulo Batch","content-service","http://localhost:8081/api/courses/1/modules","500","113","200","565","True",""
"2026-05-25 12:35:02","Modulo Batch","content-service","http://localhost:8081/api/courses/1/modules","500","114","200","567,55","True",""
"2026-05-25 12:35:02","Modulo Batch","content-service","http://localhost:8081/api/courses/1/modules","500","115","200","603,17","True",""
"2026-05-25 12:35:02","Modulo Batch","content-service","http://localhost:8081/api/courses/1/modules","500","116","200","585,83","True",""
"2026-05-25 12:35:02","Modulo Batch","content-service","http://localhost:8081/api/courses/1/modules","500","117","200","575,57","True",""
"2026-05-25 12:35:02","Modulo Batch","content-service","http://localhost:8081/api/courses/1/modules","500","118","200","598,38","True",""
"2026-05-25 12:35:02","Modulo Batch","content-service","http://localhost:8081/api/courses/1/modules","500","119","200","590,25","True",""
"2026-05-25 12:35:02","Modulo Batch","content-service","http://localhost:8081/api/courses/1/modules","500","120","200","600,24","True",""
"2026-05-25 12:35:02","Modulo Batch","content-service","http://localhost:8081/api/courses/1/modules","500","121","200","620,37","True",""
"2026-05-25 12:35:02","Modulo Batch","content-service","http://localhost:8081/api/courses/1/modules","500","122","200","601,49","True",""
"2026-05-25 12:35:02","Modulo Batch","content-service","http://localhost:8081/api/courses/1/modules","500","123","200","604,5","True",""
"2026-05-25 12:35:02","Modulo Batch","content-service","http://localhost:8081/api/courses/1/modules","500","124","200","648,11","True",""
"2026-05-25 12:35:02","Modulo Batch","content-service","http://localhost:8081/api/courses/1/modules","500","125","200","584,99","True",""
"2026-05-25 12:35:02","Modulo Batch","content-service","http://localhost:8081/api/courses/1/modules","500","126","200","606,49","True",""
"2026-05-25 12:35:02","Modulo Batch","content-service","http://localhost:8081/api/courses/1/modules","500","127","200","633,2","True",""
"2026-05-25 12:35:02","Modulo Batch","content-service","http://localhost:8081/api/courses/1/modules","500","128","200","657,01","True",""
"2026-05-25 12:35:02","Modulo Batch","content-service","http://localhost:8081/api/courses/1/modules","500","129","200","691,02","True",""
"2026-05-25 12:35:02","Modulo Batch","content-service","http://localhost:8081/api/courses/1/modules","500","130","200","614,49","True",""
"2026-05-25 12:35:02","Modulo Batch","content-service","http://localhost:8081/api/courses/1/modules","500","131","200","636,62","True",""
"2026-05-25 12:35:02","Modulo Batch","content-service","http://localhost:8081/api/courses/1/modules","500","132","200","689,01","True",""
"2026-05-25 12:35:02","Modulo Batch","content-service","http://localhost:8081/api/courses/1/modules","500","133","200","613,22","True",""
"2026-05-25 12:35:02","Modulo Batch","content-service","http://localhost:8081/api/courses/1/modules","500","134","200","622,34","True",""
"2026-05-25 12:35:02","Modulo Batch","content-service","http://localhost:8081/api/courses/1/modules","500","135","200","690,35","True",""
"2026-05-25 12:35:02","Modulo Batch","content-service","http://localhost:8081/api/courses/1/modules","500","136","200","756,79","True",""
"2026-05-25 12:35:02","Modulo Batch","content-service","http://localhost:8081/api/courses/1/modules","500","137","200","643,09","True",""
"2026-05-25 12:35:02","Modulo Batch","content-service","http://localhost:8081/api/courses/1/modules","500","138","200","617,32","True",""
"2026-05-25 12:35:02","Modulo Batch","content-service","http://localhost:8081/api/courses/1/modules","500","139","200","693,05","True",""
"2026-05-25 12:35:02","Modulo Batch","content-service","http://localhost:8081/api/courses/1/modules","500","140","200","650,67","True",""
"2026-05-25 12:35:02","Modulo Batch","content-service","http://localhost:8081/api/courses/1/modules","500","141","200","638,83","True",""
"2026-05-25 12:35:02","Modulo Batch","content-service","http://localhost:8081/api/courses/1/modules","500","142","200","636,46","True",""
"2026-05-25 12:35:02","Modulo Batch","content-service","http://localhost:8081/api/courses/1/modules","500","143","200","696","True",""
"2026-05-25 12:35:02","Modulo Batch","content-service","http://localhost:8081/api/courses/1/modules","500","144","200","919,47","True",""
"2026-05-25 12:35:02","Modulo Batch","content-service","http://localhost:8081/api/courses/1/modules","500","145","200","624,98","True",""
"2026-05-25 12:35:02","Modulo Batch","content-service","http://localhost:8081/api/courses/1/modules","500","146","200","654,14","True",""
"2026-05-25 12:35:02","Modulo Batch","content-service","http://localhost:8081/api/courses/1/modules","500","147","200","719,78","True",""
"2026-05-25 12:35:02","Modulo Batch","content-service","http://localhost:8081/api/courses/1/modules","500","148","200","692,21","True",""
"2026-05-25 12:35:02","Modulo Batch","content-service","http://localhost:8081/api/courses/1/modules","500","149","200","708,42","True",""
"2026-05-25 12:35:02","Modulo Batch","content-service","http://localhost:8081/api/courses/1/modules","500","150","200","688,74","True",""
"2026-05-25 12:35:02","Modulo Batch","content-service","http://localhost:8081/api/courses/1/modules","500","151","200","683,87","True",""
"2026-05-25 12:35:02","Modulo Batch","content-service","http://localhost:8081/api/courses/1/modules","500","152","200","694,79","True",""
"2026-05-25 12:35:02","Modulo Batch","content-service","http://localhost:8081/api/courses/1/modules","500","153","200","623,29","True",""
"2026-05-25 12:35:02","Modulo Batch","content-service","http://localhost:8081/api/courses/1/modules","500","154","200","697,69","True",""
"2026-05-25 12:35:02","Modulo Batch","content-service","http://localhost:8081/api/courses/1/modules","500","155","200","700,55","True",""
"2026-05-25 12:35:02","Modulo Batch","content-service","http://localhost:8081/api/courses/1/modules","500","156","200","651,04","True",""
"2026-05-25 12:35:02","Modulo Batch","content-service","http://localhost:8081/api/courses/1/modules","500","157","200","679,1","True",""
"2026-05-25 12:35:02","Modulo Batch","content-service","http://localhost:8081/api/courses/1/modules","500","158","200","751,16","True",""
"2026-05-25 12:35:02","Modulo Batch","content-service","http://localhost:8081/api/courses/1/modules","500","159","200","708,4","True",""
"2026-05-25 12:35:02","Modulo Batch","content-service","http://localhost:8081/api/courses/1/modules","500","160","200","685,94","True",""
"2026-05-25 12:35:02","Modulo Batch","content-service","http://localhost:8081/api/courses/1/modules","500","161","200","682,76","True",""
"2026-05-25 12:35:02","Modulo Batch","content-service","http://localhost:8081/api/courses/1/modules","500","162","200","642,02","True",""
"2026-05-25 12:35:02","Modulo Batch","content-service","http://localhost:8081/api/courses/1/modules","500","163","200","700,33","True",""
"2026-05-25 12:35:02","Modulo Batch","content-service","http://localhost:8081/api/courses/1/modules","500","164","200","746,02","True",""
"2026-05-25 12:35:02","Modulo Batch","content-service","http://localhost:8081/api/courses/1/modules","500","165","200","695,24","True",""
"2026-05-25 12:35:02","Modulo Batch","content-service","http://localhost:8081/api/courses/1/modules","500","166","200","780,34","True",""
"2026-05-25 12:35:02","Modulo Batch","content-service","http://localhost:8081/api/courses/1/modules","500","167","200","727,48","True",""
"2026-05-25 12:35:02","Modulo Batch","content-service","http://localhost:8081/api/courses/1/modules","500","168","200","703,25","True",""
"2026-05-25 12:35:02","Modulo Batch","content-service","http://localhost:8081/api/courses/1/modules","500","169","200","1078,88","True",""
"2026-05-25 12:35:02","Modulo Batch","content-service","http://localhost:8081/api/courses/1/modules","500","170","200","708,36","True",""
"2026-05-25 12:35:02","Modulo Batch","content-service","http://localhost:8081/api/courses/1/modules","500","171","200","716,63","True",""
"2026-05-25 12:35:02","Modulo Batch","content-service","http://localhost:8081/api/courses/1/modules","500","172","200","688,07","True",""
"2026-05-25 12:35:02","Modulo Batch","content-service","http://localhost:8081/api/courses/1/modules","500","173","200","719,83","True",""
"2026-05-25 12:35:02","Modulo Batch","content-service","http://localhost:8081/api/courses/1/modules","500","174","200","693,21","True",""
"2026-05-25 12:35:02","Modulo Batch","content-service","http://localhost:8081/api/courses/1/modules","500","175","200","850,43","True",""
"2026-05-25 12:35:02","Modulo Batch","content-service","http://localhost:8081/api/courses/1/modules","500","176","200","710,68","True",""
"2026-05-25 12:35:02","Modulo Batch","content-service","http://localhost:8081/api/courses/1/modules","500","177","200","731,28","True",""
"2026-05-25 12:35:02","Modulo Batch","content-service","http://localhost:8081/api/courses/1/modules","500","178","200","720","True",""
"2026-05-25 12:35:02","Modulo Batch","content-service","http://localhost:8081/api/courses/1/modules","500","179","200","734,5","True",""
"2026-05-25 12:35:02","Modulo Batch","content-service","http://localhost:8081/api/courses/1/modules","500","180","200","715,43","True",""
"2026-05-25 12:35:02","Modulo Batch","content-service","http://localhost:8081/api/courses/1/modules","500","181","200","734,25","True",""
"2026-05-25 12:35:02","Modulo Batch","content-service","http://localhost:8081/api/courses/1/modules","500","182","200","758,32","True",""
"2026-05-25 12:35:02","Modulo Batch","content-service","http://localhost:8081/api/courses/1/modules","500","183","200","724,85","True",""
"2026-05-25 12:35:02","Modulo Batch","content-service","http://localhost:8081/api/courses/1/modules","500","184","200","700,9","True",""
"2026-05-25 12:35:02","Modulo Batch","content-service","http://localhost:8081/api/courses/1/modules","500","185","200","726,05","True",""
"2026-05-25 12:35:02","Modulo Batch","content-service","http://localhost:8081/api/courses/1/modules","500","186","200","735,43","True",""
"2026-05-25 12:35:02","Modulo Batch","content-service","http://localhost:8081/api/courses/1/modules","500","187","200","761,22","True",""
"2026-05-25 12:35:02","Modulo Batch","content-service","http://localhost:8081/api/courses/1/modules","500","188","200","750,68","True",""
"2026-05-25 12:35:02","Modulo Batch","content-service","http://localhost:8081/api/courses/1/modules","500","189","200","727,64","True",""
"2026-05-25 12:35:02","Modulo Batch","content-service","http://localhost:8081/api/courses/1/modules","500","190","200","713,82","True",""
"2026-05-25 12:35:02","Modulo Batch","content-service","http://localhost:8081/api/courses/1/modules","500","191","200","710,62","True",""
"2026-05-25 12:35:02","Modulo Batch","content-service","http://localhost:8081/api/courses/1/modules","500","192","200","746,45","True",""
"2026-05-25 12:35:02","Modulo Batch","content-service","http://localhost:8081/api/courses/1/modules","500","193","200","735,76","True",""
"2026-05-25 12:35:02","Modulo Batch","content-service","http://localhost:8081/api/courses/1/modules","500","194","200","778,39","True",""
"2026-05-25 12:35:02","Modulo Batch","content-service","http://localhost:8081/api/courses/1/modules","500","195","200","738,78","True",""
"2026-05-25 12:35:02","Modulo Batch","content-service","http://localhost:8081/api/courses/1/modules","500","196","200","766,04","True",""
"2026-05-25 12:35:02","Modulo Batch","content-service","http://localhost:8081/api/courses/1/modules","500","197","200","828,59","True",""
"2026-05-25 12:35:02","Modulo Batch","content-service","http://localhost:8081/api/courses/1/modules","500","198","200","835,49","True",""
"2026-05-25 12:35:02","Modulo Batch","content-service","http://localhost:8081/api/courses/1/modules","500","199","200","743,38","True",""
"2026-05-25 12:35:02","Modulo Batch","content-service","http://localhost:8081/api/courses/1/modules","500","200","200","745,64","True",""
"2026-05-25 12:35:02","Modulo Batch","content-service","http://localhost:8081/api/courses/1/modules","500","201","200","753,52","True",""
"2026-05-25 12:35:02","Modulo Batch","content-service","http://localhost:8081/api/courses/1/modules","500","202","200","764,1","True",""
"2026-05-25 12:35:02","Modulo Batch","content-service","http://localhost:8081/api/courses/1/modules","500","203","200","785,19","True",""
"2026-05-25 12:35:02","Modulo Batch","content-service","http://localhost:8081/api/courses/1/modules","500","204","200","759,59","True",""
"2026-05-25 12:35:02","Modulo Batch","content-service","http://localhost:8081/api/courses/1/modules","500","205","200","749,42","True",""
"2026-05-25 12:35:02","Modulo Batch","content-service","http://localhost:8081/api/courses/1/modules","500","206","200","749,8","True",""
"2026-05-25 12:35:02","Modulo Batch","content-service","http://localhost:8081/api/courses/1/modules","500","207","200","756,96","True",""
"2026-05-25 12:35:02","Modulo Batch","content-service","http://localhost:8081/api/courses/1/modules","500","208","200","794,26","True",""
"2026-05-25 12:35:02","Modulo Batch","content-service","http://localhost:8081/api/courses/1/modules","500","209","200","782,46","True",""
"2026-05-25 12:35:02","Modulo Batch","content-service","http://localhost:8081/api/courses/1/modules","500","210","200","804,12","True",""
"2026-05-25 12:35:02","Modulo Batch","content-service","http://localhost:8081/api/courses/1/modules","500","211","200","766,37","True",""
"2026-05-25 12:35:02","Modulo Batch","content-service","http://localhost:8081/api/courses/1/modules","500","212","200","773,98","True",""
"2026-05-25 12:35:02","Modulo Batch","content-service","http://localhost:8081/api/courses/1/modules","500","213","200","788,79","True",""
"2026-05-25 12:35:02","Modulo Batch","content-service","http://localhost:8081/api/courses/1/modules","500","214","200","770,31","True",""
"2026-05-25 12:35:02","Modulo Batch","content-service","http://localhost:8081/api/courses/1/modules","500","215","200","843,56","True",""
"2026-05-25 12:35:02","Modulo Batch","content-service","http://localhost:8081/api/courses/1/modules","500","216","200","775,16","True",""
"2026-05-25 12:35:02","Modulo Batch","content-service","http://localhost:8081/api/courses/1/modules","500","217","200","799,57","True",""
"2026-05-25 12:35:02","Modulo Batch","content-service","http://localhost:8081/api/courses/1/modules","500","218","200","782,79","True",""
"2026-05-25 12:35:02","Modulo Batch","content-service","http://localhost:8081/api/courses/1/modules","500","219","200","764,13","True",""
"2026-05-25 12:35:02","Modulo Batch","content-service","http://localhost:8081/api/courses/1/modules","500","220","200","811,26","True",""
"2026-05-25 12:35:02","Modulo Batch","content-service","http://localhost:8081/api/courses/1/modules","500","221","200","834,35","True",""
"2026-05-25 12:35:02","Modulo Batch","content-service","http://localhost:8081/api/courses/1/modules","500","222","200","816","True",""
"2026-05-25 12:35:02","Modulo Batch","content-service","http://localhost:8081/api/courses/1/modules","500","223","200","786,4","True",""
"2026-05-25 12:35:02","Modulo Batch","content-service","http://localhost:8081/api/courses/1/modules","500","224","200","814,14","True",""
"2026-05-25 12:35:02","Modulo Batch","content-service","http://localhost:8081/api/courses/1/modules","500","225","200","812,79","True",""
"2026-05-25 12:35:02","Modulo Batch","content-service","http://localhost:8081/api/courses/1/modules","500","226","200","823,52","True",""
"2026-05-25 12:35:02","Modulo Batch","content-service","http://localhost:8081/api/courses/1/modules","500","227","200","800,86","True",""
"2026-05-25 12:35:02","Modulo Batch","content-service","http://localhost:8081/api/courses/1/modules","500","228","200","778,49","True",""
"2026-05-25 12:35:02","Modulo Batch","content-service","http://localhost:8081/api/courses/1/modules","500","229","200","812,19","True",""
"2026-05-25 12:35:02","Modulo Batch","content-service","http://localhost:8081/api/courses/1/modules","500","230","200","803,68","True",""
"2026-05-25 12:35:02","Modulo Batch","content-service","http://localhost:8081/api/courses/1/modules","500","231","200","822,44","True",""
"2026-05-25 12:35:02","Modulo Batch","content-service","http://localhost:8081/api/courses/1/modules","500","232","200","816,12","True",""
"2026-05-25 12:35:02","Modulo Batch","content-service","http://localhost:8081/api/courses/1/modules","500","233","200","788,56","True",""
"2026-05-25 12:35:02","Modulo Batch","content-service","http://localhost:8081/api/courses/1/modules","500","234","200","796,54","True",""
"2026-05-25 12:35:02","Modulo Batch","content-service","http://localhost:8081/api/courses/1/modules","500","235","200","846,59","True",""
"2026-05-25 12:35:02","Modulo Batch","content-service","http://localhost:8081/api/courses/1/modules","500","236","200","829,19","True",""
"2026-05-25 12:35:02","Modulo Batch","content-service","http://localhost:8081/api/courses/1/modules","500","237","200","888,83","True",""
"2026-05-25 12:35:02","Modulo Batch","content-service","http://localhost:8081/api/courses/1/modules","500","238","200","949,04","True",""
"2026-05-25 12:35:02","Modulo Batch","content-service","http://localhost:8081/api/courses/1/modules","500","239","200","832,22","True",""
"2026-05-25 12:35:02","Modulo Batch","content-service","http://localhost:8081/api/courses/1/modules","500","240","200","835,18","True",""
"2026-05-25 12:35:02","Modulo Batch","content-service","http://localhost:8081/api/courses/1/modules","500","241","200","803,09","True",""
"2026-05-25 12:35:02","Modulo Batch","content-service","http://localhost:8081/api/courses/1/modules","500","242","200","828,85","True",""
"2026-05-25 12:35:02","Modulo Batch","content-service","http://localhost:8081/api/courses/1/modules","500","243","200","795,42","True",""
"2026-05-25 12:35:02","Modulo Batch","content-service","http://localhost:8081/api/courses/1/modules","500","244","200","825,78","True",""
"2026-05-25 12:35:02","Modulo Batch","content-service","http://localhost:8081/api/courses/1/modules","500","245","200","841,34","True",""
"2026-05-25 12:35:02","Modulo Batch","content-service","http://localhost:8081/api/courses/1/modules","500","246","200","842,77","True",""
"2026-05-25 12:35:02","Modulo Batch","content-service","http://localhost:8081/api/courses/1/modules","500","247","200","1073,5","True",""
"2026-05-25 12:35:02","Modulo Batch","content-service","http://localhost:8081/api/courses/1/modules","500","248","200","834,85","True",""
"2026-05-25 12:35:02","Modulo Batch","content-service","http://localhost:8081/api/courses/1/modules","500","249","200","877,84","True",""
"2026-05-25 12:35:02","Modulo Batch","content-service","http://localhost:8081/api/courses/1/modules","500","250","200","852,46","True",""
"2026-05-25 12:35:02","Modulo Batch","content-service","http://localhost:8081/api/courses/1/modules","500","251","200","1032,24","True",""
"2026-05-25 12:35:02","Modulo Batch","content-service","http://localhost:8081/api/courses/1/modules","500","252","200","941,75","True",""
"2026-05-25 12:35:02","Modulo Batch","content-service","http://localhost:8081/api/courses/1/modules","500","253","200","860,04","True",""
"2026-05-25 12:35:02","Modulo Batch","content-service","http://localhost:8081/api/courses/1/modules","500","254","200","913,98","True",""
"2026-05-25 12:35:02","Modulo Batch","content-service","http://localhost:8081/api/courses/1/modules","500","255","200","869,57","True",""
"2026-05-25 12:35:02","Modulo Batch","content-service","http://localhost:8081/api/courses/1/modules","500","256","200","822,57","True",""
"2026-05-25 12:35:02","Modulo Batch","content-service","http://localhost:8081/api/courses/1/modules","500","257","200","868,91","True",""
"2026-05-25 12:35:02","Modulo Batch","content-service","http://localhost:8081/api/courses/1/modules","500","258","200","993,25","True",""
"2026-05-25 12:35:02","Modulo Batch","content-service","http://localhost:8081/api/courses/1/modules","500","259","200","963,65","True",""
"2026-05-25 12:35:02","Modulo Batch","content-service","http://localhost:8081/api/courses/1/modules","500","260","200","957,31","True",""
"2026-05-25 12:35:02","Modulo Batch","content-service","http://localhost:8081/api/courses/1/modules","500","261","200","871,44","True",""
"2026-05-25 12:35:02","Modulo Batch","content-service","http://localhost:8081/api/courses/1/modules","500","262","200","994,23","True",""
"2026-05-25 12:35:02","Modulo Batch","content-service","http://localhost:8081/api/courses/1/modules","500","263","200","926,32","True",""
"2026-05-25 12:35:02","Modulo Batch","content-service","http://localhost:8081/api/courses/1/modules","500","264","200","931,25","True",""
"2026-05-25 12:35:02","Modulo Batch","content-service","http://localhost:8081/api/courses/1/modules","500","265","200","904,89","True",""
"2026-05-25 12:35:02","Modulo Batch","content-service","http://localhost:8081/api/courses/1/modules","500","266","200","876,25","True",""
"2026-05-25 12:35:02","Modulo Batch","content-service","http://localhost:8081/api/courses/1/modules","500","267","200","1007,34","True",""
"2026-05-25 12:35:02","Modulo Batch","content-service","http://localhost:8081/api/courses/1/modules","500","268","200","891,13","True",""
"2026-05-25 12:35:02","Modulo Batch","content-service","http://localhost:8081/api/courses/1/modules","500","269","200","898,93","True",""
"2026-05-25 12:35:02","Modulo Batch","content-service","http://localhost:8081/api/courses/1/modules","500","270","200","1001,03","True",""
"2026-05-25 12:35:02","Modulo Batch","content-service","http://localhost:8081/api/courses/1/modules","500","271","200","1119,95","True",""
"2026-05-25 12:35:02","Modulo Batch","content-service","http://localhost:8081/api/courses/1/modules","500","272","200","916,74","True",""
"2026-05-25 12:35:02","Modulo Batch","content-service","http://localhost:8081/api/courses/1/modules","500","273","200","1117,03","True",""
"2026-05-25 12:35:02","Modulo Batch","content-service","http://localhost:8081/api/courses/1/modules","500","274","200","1046,11","True",""
"2026-05-25 12:35:02","Modulo Batch","content-service","http://localhost:8081/api/courses/1/modules","500","275","200","954,71","True",""
"2026-05-25 12:35:02","Modulo Batch","content-service","http://localhost:8081/api/courses/1/modules","500","276","200","944,79","True",""
"2026-05-25 12:35:02","Modulo Batch","content-service","http://localhost:8081/api/courses/1/modules","500","277","200","1027,5","True",""
"2026-05-25 12:35:02","Modulo Batch","content-service","http://localhost:8081/api/courses/1/modules","500","278","200","1004,66","True",""
"2026-05-25 12:35:02","Modulo Batch","content-service","http://localhost:8081/api/courses/1/modules","500","279","200","1007,61","True",""
"2026-05-25 12:35:02","Modulo Batch","content-service","http://localhost:8081/api/courses/1/modules","500","280","200","994,34","True",""
"2026-05-25 12:35:02","Modulo Batch","content-service","http://localhost:8081/api/courses/1/modules","500","281","200","14,41","True",""
"2026-05-25 12:35:02","Modulo Batch","content-service","http://localhost:8081/api/courses/1/modules","500","282","200","10,67","True",""
"2026-05-25 12:35:02","Modulo Batch","content-service","http://localhost:8081/api/courses/1/modules","500","283","200","1028,66","True",""
"2026-05-25 12:35:02","Modulo Batch","content-service","http://localhost:8081/api/courses/1/modules","500","284","200","1120,01","True",""
"2026-05-25 12:35:02","Modulo Batch","content-service","http://localhost:8081/api/courses/1/modules","500","285","200","1033,25","True",""
"2026-05-25 12:35:02","Modulo Batch","content-service","http://localhost:8081/api/courses/1/modules","500","286","200","1103,5","True",""
"2026-05-25 12:35:02","Modulo Batch","content-service","http://localhost:8081/api/courses/1/modules","500","287","200","1010,58","True",""
"2026-05-25 12:35:02","Modulo Batch","content-service","http://localhost:8081/api/courses/1/modules","500","288","200","978,81","True",""
"2026-05-25 12:35:02","Modulo Batch","content-service","http://localhost:8081/api/courses/1/modules","500","289","200","966,47","True",""
"2026-05-25 12:35:02","Modulo Batch","content-service","http://localhost:8081/api/courses/1/modules","500","290","200","18,03","True",""
"2026-05-25 12:35:02","Modulo Batch","content-service","http://localhost:8081/api/courses/1/modules","500","291","200","7,09","True",""
"2026-05-25 12:35:02","Modulo Batch","content-service","http://localhost:8081/api/courses/1/modules","500","292","200","8,87","True",""
"2026-05-25 12:35:02","Modulo Batch","content-service","http://localhost:8081/api/courses/1/modules","500","293","200","1066,17","True",""
"2026-05-25 12:35:02","Modulo Batch","content-service","http://localhost:8081/api/courses/1/modules","500","294","200","971,53","True",""
"2026-05-25 12:35:02","Modulo Batch","content-service","http://localhost:8081/api/courses/1/modules","500","295","200","1084,24","True",""
"2026-05-25 12:35:02","Modulo Batch","content-service","http://localhost:8081/api/courses/1/modules","500","296","200","959,35","True",""
"2026-05-25 12:35:02","Modulo Batch","content-service","http://localhost:8081/api/courses/1/modules","500","297","200","1036,27","True",""
"2026-05-25 12:35:02","Modulo Batch","content-service","http://localhost:8081/api/courses/1/modules","500","298","200","1013,62","True",""
"2026-05-25 12:35:02","Modulo Batch","content-service","http://localhost:8081/api/courses/1/modules","500","299","200","1004,55","True",""
"2026-05-25 12:35:02","Modulo Batch","content-service","http://localhost:8081/api/courses/1/modules","500","300","200","1092,88","True",""
"2026-05-25 12:35:02","Modulo Batch","content-service","http://localhost:8081/api/courses/1/modules","500","301","200","1044,2","True",""
"2026-05-25 12:35:02","Modulo Batch","content-service","http://localhost:8081/api/courses/1/modules","500","302","200","1061,38","True",""
"2026-05-25 12:35:02","Modulo Batch","content-service","http://localhost:8081/api/courses/1/modules","500","303","200","1067,31","True",""
"2026-05-25 12:35:02","Modulo Batch","content-service","http://localhost:8081/api/courses/1/modules","500","304","200","1085,43","True",""
"2026-05-25 12:35:02","Modulo Batch","content-service","http://localhost:8081/api/courses/1/modules","500","305","200","1077,54","True",""
"2026-05-25 12:35:02","Modulo Batch","content-service","http://localhost:8081/api/courses/1/modules","500","306","200","1088,52","True",""
"2026-05-25 12:35:02","Modulo Batch","content-service","http://localhost:8081/api/courses/1/modules","500","307","200","1053,44","True",""
"2026-05-25 12:35:02","Modulo Batch","content-service","http://localhost:8081/api/courses/1/modules","500","308","200","1051,14","True",""
"2026-05-25 12:35:02","Modulo Batch","content-service","http://localhost:8081/api/courses/1/modules","500","309","200","1365,07","True",""
"2026-05-25 12:35:02","Modulo Batch","content-service","http://localhost:8081/api/courses/1/modules","500","310","200","1102,03","True",""
"2026-05-25 12:35:02","Modulo Batch","content-service","http://localhost:8081/api/courses/1/modules","500","311","200","1069,49","True",""
"2026-05-25 12:35:02","Modulo Batch","content-service","http://localhost:8081/api/courses/1/modules","500","312","200","20,08","True",""
"2026-05-25 12:35:02","Modulo Batch","content-service","http://localhost:8081/api/courses/1/modules","500","313","200","1072,24","True",""
"2026-05-25 12:35:02","Modulo Batch","content-service","http://localhost:8081/api/courses/1/modules","500","314","200","13,3","True",""
"2026-05-25 12:35:02","Modulo Batch","content-service","http://localhost:8081/api/courses/1/modules","500","315","200","1138,5","True",""
"2026-05-25 12:35:02","Modulo Batch","content-service","http://localhost:8081/api/courses/1/modules","500","316","200","1093,61","True",""
"2026-05-25 12:35:02","Modulo Batch","content-service","http://localhost:8081/api/courses/1/modules","500","317","200","1116,74","True",""
"2026-05-25 12:35:02","Modulo Batch","content-service","http://localhost:8081/api/courses/1/modules","500","318","200","1160,23","True",""
"2026-05-25 12:35:02","Modulo Batch","content-service","http://localhost:8081/api/courses/1/modules","500","319","200","1106,16","True",""
"2026-05-25 12:35:02","Modulo Batch","content-service","http://localhost:8081/api/courses/1/modules","500","320","200","1151,91","True",""
"2026-05-25 12:35:02","Modulo Batch","content-service","http://localhost:8081/api/courses/1/modules","500","321","200","24,49","True",""
"2026-05-25 12:35:02","Modulo Batch","content-service","http://localhost:8081/api/courses/1/modules","500","322","200","20,6","True",""
"2026-05-25 12:35:02","Modulo Batch","content-service","http://localhost:8081/api/courses/1/modules","500","323","200","1119,33","True",""
"2026-05-25 12:35:02","Modulo Batch","content-service","http://localhost:8081/api/courses/1/modules","500","324","200","1133,35","True",""
"2026-05-25 12:35:02","Modulo Batch","content-service","http://localhost:8081/api/courses/1/modules","500","325","200","1130,25","True",""
"2026-05-25 12:35:02","Modulo Batch","content-service","http://localhost:8081/api/courses/1/modules","500","326","200","1239,61","True",""
"2026-05-25 12:35:02","Modulo Batch","content-service","http://localhost:8081/api/courses/1/modules","500","327","200","1126,11","True",""
"2026-05-25 12:35:02","Modulo Batch","content-service","http://localhost:8081/api/courses/1/modules","500","328","200","15,91","True",""
"2026-05-25 12:35:02","Modulo Batch","content-service","http://localhost:8081/api/courses/1/modules","500","329","200","1118,07","True",""
"2026-05-25 12:35:02","Modulo Batch","content-service","http://localhost:8081/api/courses/1/modules","500","330","200","1145,66","True",""
"2026-05-25 12:35:02","Modulo Batch","content-service","http://localhost:8081/api/courses/1/modules","500","331","200","1137,25","True",""
"2026-05-25 12:35:02","Modulo Batch","content-service","http://localhost:8081/api/courses/1/modules","500","332","200","1139,84","True",""
"2026-05-25 12:35:02","Modulo Batch","content-service","http://localhost:8081/api/courses/1/modules","500","333","200","1121,54","True",""
"2026-05-25 12:35:02","Modulo Batch","content-service","http://localhost:8081/api/courses/1/modules","500","334","200","9,93","True",""
"2026-05-25 12:35:02","Modulo Batch","content-service","http://localhost:8081/api/courses/1/modules","500","335","200","9,15","True",""
"2026-05-25 12:35:02","Modulo Batch","content-service","http://localhost:8081/api/courses/1/modules","500","336","200","1244,72","True",""
"2026-05-25 12:35:02","Modulo Batch","content-service","http://localhost:8081/api/courses/1/modules","500","337","200","1145,85","True",""
"2026-05-25 12:35:02","Modulo Batch","content-service","http://localhost:8081/api/courses/1/modules","500","338","200","1150,64","True",""
"2026-05-25 12:35:02","Modulo Batch","content-service","http://localhost:8081/api/courses/1/modules","500","339","200","21,04","True",""
"2026-05-25 12:35:02","Modulo Batch","content-service","http://localhost:8081/api/courses/1/modules","500","340","200","1212,8","True",""
"2026-05-25 12:35:02","Modulo Batch","content-service","http://localhost:8081/api/courses/1/modules","500","341","200","46,83","True",""
"2026-05-25 12:35:02","Modulo Batch","content-service","http://localhost:8081/api/courses/1/modules","500","342","200","1193,19","True",""
"2026-05-25 12:35:02","Modulo Batch","content-service","http://localhost:8081/api/courses/1/modules","500","343","200","16,16","True",""
"2026-05-25 12:35:02","Modulo Batch","content-service","http://localhost:8081/api/courses/1/modules","500","344","200","1172,58","True",""
"2026-05-25 12:35:02","Modulo Batch","content-service","http://localhost:8081/api/courses/1/modules","500","345","200","1175,77","True",""
"2026-05-25 12:35:02","Modulo Batch","content-service","http://localhost:8081/api/courses/1/modules","500","346","200","1177,38","True",""
"2026-05-25 12:35:02","Modulo Batch","content-service","http://localhost:8081/api/courses/1/modules","500","347","200","1151,27","True",""
"2026-05-25 12:35:02","Modulo Batch","content-service","http://localhost:8081/api/courses/1/modules","500","348","200","1156,19","True",""
"2026-05-25 12:35:02","Modulo Batch","content-service","http://localhost:8081/api/courses/1/modules","500","349","200","1197,41","True",""
"2026-05-25 12:35:02","Modulo Batch","content-service","http://localhost:8081/api/courses/1/modules","500","350","200","1165,47","True",""
"2026-05-25 12:35:02","Modulo Batch","content-service","http://localhost:8081/api/courses/1/modules","500","351","200","1193,38","True",""
"2026-05-25 12:35:02","Modulo Batch","content-service","http://localhost:8081/api/courses/1/modules","500","352","200","1166,74","True",""
"2026-05-25 12:35:02","Modulo Batch","content-service","http://localhost:8081/api/courses/1/modules","500","353","200","1204,02","True",""
"2026-05-25 12:35:02","Modulo Batch","content-service","http://localhost:8081/api/courses/1/modules","500","354","200","13,35","True",""
"2026-05-25 12:35:02","Modulo Batch","content-service","http://localhost:8081/api/courses/1/modules","500","355","200","45,8","True",""
"2026-05-25 12:35:02","Modulo Batch","content-service","http://localhost:8081/api/courses/1/modules","500","356","200","38,23","True",""
"2026-05-25 12:35:02","Modulo Batch","content-service","http://localhost:8081/api/courses/1/modules","500","357","200","1202,35","True",""
"2026-05-25 12:35:02","Modulo Batch","content-service","http://localhost:8081/api/courses/1/modules","500","358","200","1153,99","True",""
"2026-05-25 12:35:02","Modulo Batch","content-service","http://localhost:8081/api/courses/1/modules","500","359","200","1157,83","True",""
"2026-05-25 12:35:02","Modulo Batch","content-service","http://localhost:8081/api/courses/1/modules","500","360","200","1182,88","True",""
"2026-05-25 12:35:02","Modulo Batch","content-service","http://localhost:8081/api/courses/1/modules","500","361","200","1174,34","True",""
"2026-05-25 12:35:02","Modulo Batch","content-service","http://localhost:8081/api/courses/1/modules","500","362","200","26,17","True",""
"2026-05-25 12:35:02","Modulo Batch","content-service","http://localhost:8081/api/courses/1/modules","500","363","200","1186,14","True",""
"2026-05-25 12:35:02","Modulo Batch","content-service","http://localhost:8081/api/courses/1/modules","500","364","200","1286,34","True",""
"2026-05-25 12:35:02","Modulo Batch","content-service","http://localhost:8081/api/courses/1/modules","500","365","200","1194,97","True",""
"2026-05-25 12:35:02","Modulo Batch","content-service","http://localhost:8081/api/courses/1/modules","500","366","200","1176,7","True",""
"2026-05-25 12:35:02","Modulo Batch","content-service","http://localhost:8081/api/courses/1/modules","500","367","200","1240,37","True",""
"2026-05-25 12:35:02","Modulo Batch","content-service","http://localhost:8081/api/courses/1/modules","500","368","200","1294,56","True",""
"2026-05-25 12:35:02","Modulo Batch","content-service","http://localhost:8081/api/courses/1/modules","500","369","200","1200,32","True",""
"2026-05-25 12:35:02","Modulo Batch","content-service","http://localhost:8081/api/courses/1/modules","500","370","200","1206,34","True",""
"2026-05-25 12:35:02","Modulo Batch","content-service","http://localhost:8081/api/courses/1/modules","500","371","200","1380,36","True",""
"2026-05-25 12:35:02","Modulo Batch","content-service","http://localhost:8081/api/courses/1/modules","500","372","200","1228,04","True",""
"2026-05-25 12:35:02","Modulo Batch","content-service","http://localhost:8081/api/courses/1/modules","500","373","200","1234,23","True",""
"2026-05-25 12:35:02","Modulo Batch","content-service","http://localhost:8081/api/courses/1/modules","500","374","200","1208,03","True",""
"2026-05-25 12:35:02","Modulo Batch","content-service","http://localhost:8081/api/courses/1/modules","500","375","200","1205,8","True",""
"2026-05-25 12:35:02","Modulo Batch","content-service","http://localhost:8081/api/courses/1/modules","500","376","200","1227,45","True",""
"2026-05-25 12:35:02","Modulo Batch","content-service","http://localhost:8081/api/courses/1/modules","500","377","200","1305,93","True",""
"2026-05-25 12:35:02","Modulo Batch","content-service","http://localhost:8081/api/courses/1/modules","500","378","200","23,44","True",""
"2026-05-25 12:35:02","Modulo Batch","content-service","http://localhost:8081/api/courses/1/modules","500","379","200","1211,46","True",""
"2026-05-25 12:35:02","Modulo Batch","content-service","http://localhost:8081/api/courses/1/modules","500","380","200","1213,9","True",""
"2026-05-25 12:35:02","Modulo Batch","content-service","http://localhost:8081/api/courses/1/modules","500","381","200","20,09","True",""
"2026-05-25 12:35:02","Modulo Batch","content-service","http://localhost:8081/api/courses/1/modules","500","382","200","1252,23","True",""
"2026-05-25 12:35:02","Modulo Batch","content-service","http://localhost:8081/api/courses/1/modules","500","383","200","1217,61","True",""
"2026-05-25 12:35:02","Modulo Batch","content-service","http://localhost:8081/api/courses/1/modules","500","384","200","1276,04","True",""
"2026-05-25 12:35:02","Modulo Batch","content-service","http://localhost:8081/api/courses/1/modules","500","385","200","1255,87","True",""
"2026-05-25 12:35:02","Modulo Batch","content-service","http://localhost:8081/api/courses/1/modules","500","386","200","1327,59","True",""
"2026-05-25 12:35:02","Modulo Batch","content-service","http://localhost:8081/api/courses/1/modules","500","387","200","1290,9","True",""
"2026-05-25 12:35:02","Modulo Batch","content-service","http://localhost:8081/api/courses/1/modules","500","388","200","1236,69","True",""
"2026-05-25 12:35:02","Modulo Batch","content-service","http://localhost:8081/api/courses/1/modules","500","389","200","1236,52","True",""
"2026-05-25 12:35:02","Modulo Batch","content-service","http://localhost:8081/api/courses/1/modules","500","390","200","1256,46","True",""
"2026-05-25 12:35:02","Modulo Batch","content-service","http://localhost:8081/api/courses/1/modules","500","391","200","1377,99","True",""
"2026-05-25 12:35:02","Modulo Batch","content-service","http://localhost:8081/api/courses/1/modules","500","392","200","1275,59","True",""
"2026-05-25 12:35:02","Modulo Batch","content-service","http://localhost:8081/api/courses/1/modules","500","393","200","1240,05","True",""
"2026-05-25 12:35:02","Modulo Batch","content-service","http://localhost:8081/api/courses/1/modules","500","394","200","1261,26","True",""
"2026-05-25 12:35:02","Modulo Batch","content-service","http://localhost:8081/api/courses/1/modules","500","395","200","1241,72","True",""
"2026-05-25 12:35:02","Modulo Batch","content-service","http://localhost:8081/api/courses/1/modules","500","396","200","1271,84","True",""
"2026-05-25 12:35:02","Modulo Batch","content-service","http://localhost:8081/api/courses/1/modules","500","397","200","1244,44","True",""
"2026-05-25 12:35:02","Modulo Batch","content-service","http://localhost:8081/api/courses/1/modules","500","398","200","1329,55","True",""
"2026-05-25 12:35:02","Modulo Batch","content-service","http://localhost:8081/api/courses/1/modules","500","399","200","1252,59","True",""
"2026-05-25 12:35:02","Modulo Batch","content-service","http://localhost:8081/api/courses/1/modules","500","400","200","1263,18","True",""
"2026-05-25 12:35:02","Modulo Batch","content-service","http://localhost:8081/api/courses/1/modules","500","401","200","1358,62","True",""
"2026-05-25 12:35:02","Modulo Batch","content-service","http://localhost:8081/api/courses/1/modules","500","402","200","1292,71","True",""
"2026-05-25 12:35:02","Modulo Batch","content-service","http://localhost:8081/api/courses/1/modules","500","403","200","1371,91","True",""
"2026-05-25 12:35:02","Modulo Batch","content-service","http://localhost:8081/api/courses/1/modules","500","404","200","1351,85","True",""
"2026-05-25 12:35:02","Modulo Batch","content-service","http://localhost:8081/api/courses/1/modules","500","405","200","1289,61","True",""
"2026-05-25 12:35:02","Modulo Batch","content-service","http://localhost:8081/api/courses/1/modules","500","406","200","1337,56","True",""
"2026-05-25 12:35:02","Modulo Batch","content-service","http://localhost:8081/api/courses/1/modules","500","407","200","13,23","True",""
"2026-05-25 12:35:02","Modulo Batch","content-service","http://localhost:8081/api/courses/1/modules","500","408","200","1314,37","True",""
"2026-05-25 12:35:02","Modulo Batch","content-service","http://localhost:8081/api/courses/1/modules","500","409","200","1298,4","True",""
"2026-05-25 12:35:02","Modulo Batch","content-service","http://localhost:8081/api/courses/1/modules","500","410","200","1268","True",""
"2026-05-25 12:35:02","Modulo Batch","content-service","http://localhost:8081/api/courses/1/modules","500","411","200","1282,56","True",""
"2026-05-25 12:35:02","Modulo Batch","content-service","http://localhost:8081/api/courses/1/modules","500","412","200","1305,02","True",""
"2026-05-25 12:35:02","Modulo Batch","content-service","http://localhost:8081/api/courses/1/modules","500","413","200","1280,79","True",""
"2026-05-25 12:35:02","Modulo Batch","content-service","http://localhost:8081/api/courses/1/modules","500","414","200","1294,95","True",""
"2026-05-25 12:35:02","Modulo Batch","content-service","http://localhost:8081/api/courses/1/modules","500","415","200","1328,27","True",""
"2026-05-25 12:35:02","Modulo Batch","content-service","http://localhost:8081/api/courses/1/modules","500","416","200","1302,07","True",""
"2026-05-25 12:35:02","Modulo Batch","content-service","http://localhost:8081/api/courses/1/modules","500","417","200","1306,51","True",""
"2026-05-25 12:35:02","Modulo Batch","content-service","http://localhost:8081/api/courses/1/modules","500","418","200","1315,38","True",""
"2026-05-25 12:35:02","Modulo Batch","content-service","http://localhost:8081/api/courses/1/modules","500","419","200","1352,93","True",""
"2026-05-25 12:35:02","Modulo Batch","content-service","http://localhost:8081/api/courses/1/modules","500","420","200","1309,53","True",""
"2026-05-25 12:35:02","Modulo Batch","content-service","http://localhost:8081/api/courses/1/modules","500","421","200","1317,22","True",""
"2026-05-25 12:35:02","Modulo Batch","content-service","http://localhost:8081/api/courses/1/modules","500","422","200","1372,72","True",""
"2026-05-25 12:35:02","Modulo Batch","content-service","http://localhost:8081/api/courses/1/modules","500","423","200","1331,28","True",""
"2026-05-25 12:35:02","Modulo Batch","content-service","http://localhost:8081/api/courses/1/modules","500","424","200","1321,81","True",""
"2026-05-25 12:35:02","Modulo Batch","content-service","http://localhost:8081/api/courses/1/modules","500","425","200","1422,79","True",""
"2026-05-25 12:35:02","Modulo Batch","content-service","http://localhost:8081/api/courses/1/modules","500","426","200","1330,91","True",""
"2026-05-25 12:35:02","Modulo Batch","content-service","http://localhost:8081/api/courses/1/modules","500","427","200","1422,39","True",""
"2026-05-25 12:35:02","Modulo Batch","content-service","http://localhost:8081/api/courses/1/modules","500","428","200","1342,56","True",""
"2026-05-25 12:35:02","Modulo Batch","content-service","http://localhost:8081/api/courses/1/modules","500","429","200","1356,27","True",""
"2026-05-25 12:35:02","Modulo Batch","content-service","http://localhost:8081/api/courses/1/modules","500","430","200","1339,23","True",""
"2026-05-25 12:35:02","Modulo Batch","content-service","http://localhost:8081/api/courses/1/modules","500","431","200","1350,72","True",""
"2026-05-25 12:35:02","Modulo Batch","content-service","http://localhost:8081/api/courses/1/modules","500","432","200","1356,65","True",""
"2026-05-25 12:35:02","Modulo Batch","content-service","http://localhost:8081/api/courses/1/modules","500","433","200","1421,01","True",""
"2026-05-25 12:35:02","Modulo Batch","content-service","http://localhost:8081/api/courses/1/modules","500","434","200","1370,46","True",""
"2026-05-25 12:35:02","Modulo Batch","content-service","http://localhost:8081/api/courses/1/modules","500","435","200","1358,52","True",""
"2026-05-25 12:35:02","Modulo Batch","content-service","http://localhost:8081/api/courses/1/modules","500","436","200","1345,32","True",""
"2026-05-25 12:35:02","Modulo Batch","content-service","http://localhost:8081/api/courses/1/modules","500","437","200","1420,63","True",""
"2026-05-25 12:35:02","Modulo Batch","content-service","http://localhost:8081/api/courses/1/modules","500","438","200","17,8","True",""
"2026-05-25 12:35:02","Modulo Batch","content-service","http://localhost:8081/api/courses/1/modules","500","439","200","1353,26","True",""
"2026-05-25 12:35:02","Modulo Batch","content-service","http://localhost:8081/api/courses/1/modules","500","440","200","1370,37","True",""
"2026-05-25 12:35:02","Modulo Batch","content-service","http://localhost:8081/api/courses/1/modules","500","441","200","1363,08","True",""
"2026-05-25 12:35:02","Modulo Batch","content-service","http://localhost:8081/api/courses/1/modules","500","442","200","1367,78","True",""
"2026-05-25 12:35:02","Modulo Batch","content-service","http://localhost:8081/api/courses/1/modules","500","443","200","1383,56","True",""
"2026-05-25 12:35:02","Modulo Batch","content-service","http://localhost:8081/api/courses/1/modules","500","444","200","1356,1","True",""
"2026-05-25 12:35:02","Modulo Batch","content-service","http://localhost:8081/api/courses/1/modules","500","445","200","1368,85","True",""
"2026-05-25 12:35:02","Modulo Batch","content-service","http://localhost:8081/api/courses/1/modules","500","446","200","1377,74","True",""
"2026-05-25 12:35:02","Modulo Batch","content-service","http://localhost:8081/api/courses/1/modules","500","447","200","1374,19","True",""
"2026-05-25 12:35:02","Modulo Batch","content-service","http://localhost:8081/api/courses/1/modules","500","448","200","1369,61","True",""
"2026-05-25 12:35:02","Modulo Batch","content-service","http://localhost:8081/api/courses/1/modules","500","449","200","1371,15","True",""
"2026-05-25 12:35:02","Modulo Batch","content-service","http://localhost:8081/api/courses/1/modules","500","450","200","1415,85","True",""
"2026-05-25 12:35:02","Modulo Batch","content-service","http://localhost:8081/api/courses/1/modules","500","451","200","1415,97","True",""
"2026-05-25 12:35:02","Modulo Batch","content-service","http://localhost:8081/api/courses/1/modules","500","452","200","1416,01","True",""
"2026-05-25 12:35:02","Modulo Batch","content-service","http://localhost:8081/api/courses/1/modules","500","453","200","1415,55","True",""
"2026-05-25 12:35:02","Modulo Batch","content-service","http://localhost:8081/api/courses/1/modules","500","454","200","1379,23","True",""
"2026-05-25 12:35:02","Modulo Batch","content-service","http://localhost:8081/api/courses/1/modules","500","455","200","1373,21","True",""
"2026-05-25 12:35:02","Modulo Batch","content-service","http://localhost:8081/api/courses/1/modules","500","456","200","1377,09","True",""
"2026-05-25 12:35:02","Modulo Batch","content-service","http://localhost:8081/api/courses/1/modules","500","457","200","1375,87","True",""
"2026-05-25 12:35:02","Modulo Batch","content-service","http://localhost:8081/api/courses/1/modules","500","458","200","1413,87","True",""
"2026-05-25 12:35:02","Modulo Batch","content-service","http://localhost:8081/api/courses/1/modules","500","459","200","1376,38","True",""
"2026-05-25 12:35:02","Modulo Batch","content-service","http://localhost:8081/api/courses/1/modules","500","460","200","1385,68","True",""
"2026-05-25 12:35:02","Modulo Batch","content-service","http://localhost:8081/api/courses/1/modules","500","461","200","11,55","True",""
"2026-05-25 12:35:02","Modulo Batch","content-service","http://localhost:8081/api/courses/1/modules","500","462","200","1413,04","True",""
"2026-05-25 12:35:02","Modulo Batch","content-service","http://localhost:8081/api/courses/1/modules","500","463","200","1413,16","True",""
"2026-05-25 12:35:02","Modulo Batch","content-service","http://localhost:8081/api/courses/1/modules","500","464","200","24,66","True",""
"2026-05-25 12:35:02","Modulo Batch","content-service","http://localhost:8081/api/courses/1/modules","500","465","200","10,61","True",""
"2026-05-25 12:35:02","Modulo Batch","content-service","http://localhost:8081/api/courses/1/modules","500","466","200","1412,18","True",""
"2026-05-25 12:35:02","Modulo Batch","content-service","http://localhost:8081/api/courses/1/modules","500","467","200","1411,37","True",""
"2026-05-25 12:35:02","Modulo Batch","content-service","http://localhost:8081/api/courses/1/modules","500","468","200","1411,18","True",""
"2026-05-25 12:35:02","Modulo Batch","content-service","http://localhost:8081/api/courses/1/modules","500","469","200","1411,32","True",""
"2026-05-25 12:35:02","Modulo Batch","content-service","http://localhost:8081/api/courses/1/modules","500","470","200","1410,53","True",""
"2026-05-25 12:35:02","Modulo Batch","content-service","http://localhost:8081/api/courses/1/modules","500","471","200","1410,48","True",""
"2026-05-25 12:35:02","Modulo Batch","content-service","http://localhost:8081/api/courses/1/modules","500","472","200","1410,1","True",""
"2026-05-25 12:35:02","Modulo Batch","content-service","http://localhost:8081/api/courses/1/modules","500","473","200","16,98","True",""
"2026-05-25 12:35:02","Modulo Batch","content-service","http://localhost:8081/api/courses/1/modules","500","474","200","1409,31","True",""
"2026-05-25 12:35:02","Modulo Batch","content-service","http://localhost:8081/api/courses/1/modules","500","475","200","6,37","True",""
"2026-05-25 12:35:02","Modulo Batch","content-service","http://localhost:8081/api/courses/1/modules","500","476","200","1408,55","True",""
"2026-05-25 12:35:02","Modulo Batch","content-service","http://localhost:8081/api/courses/1/modules","500","477","200","1408,51","True",""
"2026-05-25 12:35:02","Modulo Batch","content-service","http://localhost:8081/api/courses/1/modules","500","478","200","1408,3","True",""
"2026-05-25 12:35:02","Modulo Batch","content-service","http://localhost:8081/api/courses/1/modules","500","479","200","15,46","True",""
"2026-05-25 12:35:02","Modulo Batch","content-service","http://localhost:8081/api/courses/1/modules","500","480","200","19,69","True",""
"2026-05-25 12:35:02","Modulo Batch","content-service","http://localhost:8081/api/courses/1/modules","500","481","200","1408,03","True",""
"2026-05-25 12:35:02","Modulo Batch","content-service","http://localhost:8081/api/courses/1/modules","500","482","200","1412,88","True",""
"2026-05-25 12:35:02","Modulo Batch","content-service","http://localhost:8081/api/courses/1/modules","500","483","200","1407,66","True",""
"2026-05-25 12:35:02","Modulo Batch","content-service","http://localhost:8081/api/courses/1/modules","500","484","200","1407,54","True",""
"2026-05-25 12:35:02","Modulo Batch","content-service","http://localhost:8081/api/courses/1/modules","500","485","200","14,13","True",""
"2026-05-25 12:35:02","Modulo Batch","content-service","http://localhost:8081/api/courses/1/modules","500","486","200","1406,86","True",""
"2026-05-25 12:35:02","Modulo Batch","content-service","http://localhost:8081/api/courses/1/modules","500","487","200","1406,64","True",""
"2026-05-25 12:35:02","Modulo Batch","content-service","http://localhost:8081/api/courses/1/modules","500","488","200","12,77","True",""
"2026-05-25 12:35:02","Modulo Batch","content-service","http://localhost:8081/api/courses/1/modules","500","489","200","12,85","True",""
"2026-05-25 12:35:02","Modulo Batch","content-service","http://localhost:8081/api/courses/1/modules","500","490","200","1406,07","True",""
"2026-05-25 12:35:02","Modulo Batch","content-service","http://localhost:8081/api/courses/1/modules","500","491","200","1405,72","True",""
"2026-05-25 12:35:02","Modulo Batch","content-service","http://localhost:8081/api/courses/1/modules","500","492","200","1410,26","True",""
"2026-05-25 12:35:02","Modulo Batch","content-service","http://localhost:8081/api/courses/1/modules","500","493","200","1404,28","True",""
"2026-05-25 12:35:02","Modulo Batch","content-service","http://localhost:8081/api/courses/1/modules","500","494","200","8","True",""
"2026-05-25 12:35:02","Modulo Batch","content-service","http://localhost:8081/api/courses/1/modules","500","495","200","1402,19","True",""
"2026-05-25 12:35:02","Modulo Batch","content-service","http://localhost:8081/api/courses/1/modules","500","496","200","1408,06","True",""
"2026-05-25 12:35:02","Modulo Batch","content-service","http://localhost:8081/api/courses/1/modules","500","497","200","1402,18","True",""
"2026-05-25 12:35:02","Modulo Batch","content-service","http://localhost:8081/api/courses/1/modules","500","498","200","1401,77","True",""
"2026-05-25 12:35:02","Modulo Batch","content-service","http://localhost:8081/api/courses/1/modules","500","499","200","1401,6","True",""
"2026-05-25 12:35:02","Modulo Batch","content-service","http://localhost:8081/api/courses/1/modules","500","500","200","1401,52","True",""
"2026-05-25 12:35:04","Modulo Simulacion","simulation-service","http://localhost:9990/health/ready","500","1","200","471,69","True",""
"2026-05-25 12:35:04","Modulo Simulacion","simulation-service","http://localhost:9990/health/ready","500","2","200","480,37","True",""
"2026-05-25 12:35:04","Modulo Simulacion","simulation-service","http://localhost:9990/health/ready","500","3","200","604,02","True",""
"2026-05-25 12:35:04","Modulo Simulacion","simulation-service","http://localhost:9990/health/ready","500","4","200","296,84","True",""
"2026-05-25 12:35:04","Modulo Simulacion","simulation-service","http://localhost:9990/health/ready","500","5","200","471,66","True",""
"2026-05-25 12:35:04","Modulo Simulacion","simulation-service","http://localhost:9990/health/ready","500","6","200","519,8","True",""
"2026-05-25 12:35:04","Modulo Simulacion","simulation-service","http://localhost:9990/health/ready","500","7","200","288,48","True",""
"2026-05-25 12:35:04","Modulo Simulacion","simulation-service","http://localhost:9990/health/ready","500","8","200","502,53","True",""
"2026-05-25 12:35:04","Modulo Simulacion","simulation-service","http://localhost:9990/health/ready","500","9","0","20015,83","False","Se canceló una tarea."
"2026-05-25 12:35:04","Modulo Simulacion","simulation-service","http://localhost:9990/health/ready","500","10","200","467,63","True",""
"2026-05-25 12:35:04","Modulo Simulacion","simulation-service","http://localhost:9990/health/ready","500","11","200","468,53","True",""
"2026-05-25 12:35:04","Modulo Simulacion","simulation-service","http://localhost:9990/health/ready","500","12","200","300,04","True",""
"2026-05-25 12:35:04","Modulo Simulacion","simulation-service","http://localhost:9990/health/ready","500","13","200","288,13","True",""
"2026-05-25 12:35:04","Modulo Simulacion","simulation-service","http://localhost:9990/health/ready","500","14","200","523,88","True",""
"2026-05-25 12:35:04","Modulo Simulacion","simulation-service","http://localhost:9990/health/ready","500","15","200","636,34","True",""
"2026-05-25 12:35:04","Modulo Simulacion","simulation-service","http://localhost:9990/health/ready","500","16","200","543,44","True",""
"2026-05-25 12:35:04","Modulo Simulacion","simulation-service","http://localhost:9990/health/ready","500","17","200","614,71","True",""
"2026-05-25 12:35:04","Modulo Simulacion","simulation-service","http://localhost:9990/health/ready","500","18","200","472,97","True",""
"2026-05-25 12:35:04","Modulo Simulacion","simulation-service","http://localhost:9990/health/ready","500","19","200","551,48","True",""
"2026-05-25 12:35:04","Modulo Simulacion","simulation-service","http://localhost:9990/health/ready","500","20","200","600,47","True",""
"2026-05-25 12:35:04","Modulo Simulacion","simulation-service","http://localhost:9990/health/ready","500","21","200","472,21","True",""
"2026-05-25 12:35:04","Modulo Simulacion","simulation-service","http://localhost:9990/health/ready","500","22","200","510,27","True",""
"2026-05-25 12:35:04","Modulo Simulacion","simulation-service","http://localhost:9990/health/ready","500","23","200","503,84","True",""
"2026-05-25 12:35:04","Modulo Simulacion","simulation-service","http://localhost:9990/health/ready","500","24","200","526,04","True",""
"2026-05-25 12:35:04","Modulo Simulacion","simulation-service","http://localhost:9990/health/ready","500","25","200","529,97","True",""
"2026-05-25 12:35:04","Modulo Simulacion","simulation-service","http://localhost:9990/health/ready","500","26","200","481,61","True",""
"2026-05-25 12:35:04","Modulo Simulacion","simulation-service","http://localhost:9990/health/ready","500","27","200","476,07","True",""
"2026-05-25 12:35:04","Modulo Simulacion","simulation-service","http://localhost:9990/health/ready","500","28","200","648,37","True",""
"2026-05-25 12:35:04","Modulo Simulacion","simulation-service","http://localhost:9990/health/ready","500","29","200","486,51","True",""
"2026-05-25 12:35:04","Modulo Simulacion","simulation-service","http://localhost:9990/health/ready","500","30","200","509,35","True",""
"2026-05-25 12:35:04","Modulo Simulacion","simulation-service","http://localhost:9990/health/ready","500","31","200","492,6","True",""
"2026-05-25 12:35:04","Modulo Simulacion","simulation-service","http://localhost:9990/health/ready","500","32","200","524,56","True",""
"2026-05-25 12:35:04","Modulo Simulacion","simulation-service","http://localhost:9990/health/ready","500","33","200","621,08","True",""
"2026-05-25 12:35:04","Modulo Simulacion","simulation-service","http://localhost:9990/health/ready","500","34","200","519,4","True",""
"2026-05-25 12:35:04","Modulo Simulacion","simulation-service","http://localhost:9990/health/ready","500","35","200","533,66","True",""
"2026-05-25 12:35:04","Modulo Simulacion","simulation-service","http://localhost:9990/health/ready","500","36","200","514,53","True",""
"2026-05-25 12:35:04","Modulo Simulacion","simulation-service","http://localhost:9990/health/ready","500","37","200","585,82","True",""
"2026-05-25 12:35:04","Modulo Simulacion","simulation-service","http://localhost:9990/health/ready","500","38","200","529,79","True",""
"2026-05-25 12:35:04","Modulo Simulacion","simulation-service","http://localhost:9990/health/ready","500","39","200","534,83","True",""
"2026-05-25 12:35:04","Modulo Simulacion","simulation-service","http://localhost:9990/health/ready","500","40","200","544,33","True",""
"2026-05-25 12:35:04","Modulo Simulacion","simulation-service","http://localhost:9990/health/ready","500","41","200","590,64","True",""
"2026-05-25 12:35:04","Modulo Simulacion","simulation-service","http://localhost:9990/health/ready","500","42","200","574,73","True",""
"2026-05-25 12:35:04","Modulo Simulacion","simulation-service","http://localhost:9990/health/ready","500","43","200","591,85","True",""
"2026-05-25 12:35:04","Modulo Simulacion","simulation-service","http://localhost:9990/health/ready","500","44","200","639,18","True",""
"2026-05-25 12:35:04","Modulo Simulacion","simulation-service","http://localhost:9990/health/ready","500","45","200","548,79","True",""
"2026-05-25 12:35:04","Modulo Simulacion","simulation-service","http://localhost:9990/health/ready","500","46","200","544,04","True",""
"2026-05-25 12:35:04","Modulo Simulacion","simulation-service","http://localhost:9990/health/ready","500","47","200","553,65","True",""
"2026-05-25 12:35:04","Modulo Simulacion","simulation-service","http://localhost:9990/health/ready","500","48","200","553,6","True",""
"2026-05-25 12:35:04","Modulo Simulacion","simulation-service","http://localhost:9990/health/ready","500","49","200","568,19","True",""
"2026-05-25 12:35:04","Modulo Simulacion","simulation-service","http://localhost:9990/health/ready","500","50","200","647,32","True",""
"2026-05-25 12:35:04","Modulo Simulacion","simulation-service","http://localhost:9990/health/ready","500","51","200","538,64","True",""
"2026-05-25 12:35:04","Modulo Simulacion","simulation-service","http://localhost:9990/health/ready","500","52","200","557,84","True",""
"2026-05-25 12:35:04","Modulo Simulacion","simulation-service","http://localhost:9990/health/ready","500","53","200","650,3","True",""
"2026-05-25 12:35:04","Modulo Simulacion","simulation-service","http://localhost:9990/health/ready","500","54","200","573,74","True",""
"2026-05-25 12:35:04","Modulo Simulacion","simulation-service","http://localhost:9990/health/ready","500","55","200","566,95","True",""
"2026-05-25 12:35:04","Modulo Simulacion","simulation-service","http://localhost:9990/health/ready","500","56","200","647,96","True",""
"2026-05-25 12:35:04","Modulo Simulacion","simulation-service","http://localhost:9990/health/ready","500","57","200","562,22","True",""
"2026-05-25 12:35:04","Modulo Simulacion","simulation-service","http://localhost:9990/health/ready","500","58","200","674,66","True",""
"2026-05-25 12:35:04","Modulo Simulacion","simulation-service","http://localhost:9990/health/ready","500","59","200","557,27","True",""
"2026-05-25 12:35:04","Modulo Simulacion","simulation-service","http://localhost:9990/health/ready","500","60","200","562,21","True",""
"2026-05-25 12:35:04","Modulo Simulacion","simulation-service","http://localhost:9990/health/ready","500","61","200","602,41","True",""
"2026-05-25 12:35:04","Modulo Simulacion","simulation-service","http://localhost:9990/health/ready","500","62","200","624,79","True",""
"2026-05-25 12:35:04","Modulo Simulacion","simulation-service","http://localhost:9990/health/ready","500","63","200","632,85","True",""
"2026-05-25 12:35:04","Modulo Simulacion","simulation-service","http://localhost:9990/health/ready","500","64","200","578,47","True",""
"2026-05-25 12:35:04","Modulo Simulacion","simulation-service","http://localhost:9990/health/ready","500","65","200","582,98","True",""
"2026-05-25 12:35:04","Modulo Simulacion","simulation-service","http://localhost:9990/health/ready","500","66","200","664,53","True",""
"2026-05-25 12:35:04","Modulo Simulacion","simulation-service","http://localhost:9990/health/ready","500","67","200","577,87","True",""
"2026-05-25 12:35:04","Modulo Simulacion","simulation-service","http://localhost:9990/health/ready","500","68","200","661,5","True",""
"2026-05-25 12:35:04","Modulo Simulacion","simulation-service","http://localhost:9990/health/ready","500","69","200","671,4","True",""
"2026-05-25 12:35:04","Modulo Simulacion","simulation-service","http://localhost:9990/health/ready","500","70","200","647,7","True",""
"2026-05-25 12:35:04","Modulo Simulacion","simulation-service","http://localhost:9990/health/ready","500","71","0","20039,05","False","Se canceló una tarea."
"2026-05-25 12:35:04","Modulo Simulacion","simulation-service","http://localhost:9990/health/ready","500","72","200","613,01","True",""
"2026-05-25 12:35:04","Modulo Simulacion","simulation-service","http://localhost:9990/health/ready","500","73","200","611,64","True",""
"2026-05-25 12:35:04","Modulo Simulacion","simulation-service","http://localhost:9990/health/ready","500","74","200","605,98","True",""
"2026-05-25 12:35:04","Modulo Simulacion","simulation-service","http://localhost:9990/health/ready","500","75","200","648,82","True",""
"2026-05-25 12:35:04","Modulo Simulacion","simulation-service","http://localhost:9990/health/ready","500","76","200","600,39","True",""
"2026-05-25 12:35:04","Modulo Simulacion","simulation-service","http://localhost:9990/health/ready","500","77","200","640,93","True",""
"2026-05-25 12:35:04","Modulo Simulacion","simulation-service","http://localhost:9990/health/ready","500","78","200","657,5","True",""
"2026-05-25 12:35:04","Modulo Simulacion","simulation-service","http://localhost:9990/health/ready","500","79","200","651,23","True",""
"2026-05-25 12:35:04","Modulo Simulacion","simulation-service","http://localhost:9990/health/ready","500","80","200","649,66","True",""
"2026-05-25 12:35:04","Modulo Simulacion","simulation-service","http://localhost:9990/health/ready","500","81","200","668,46","True",""
"2026-05-25 12:35:04","Modulo Simulacion","simulation-service","http://localhost:9990/health/ready","500","82","0","20037,79","False","Se canceló una tarea."
"2026-05-25 12:35:04","Modulo Simulacion","simulation-service","http://localhost:9990/health/ready","500","83","200","616,97","True",""
"2026-05-25 12:35:04","Modulo Simulacion","simulation-service","http://localhost:9990/health/ready","500","84","200","633,69","True",""
"2026-05-25 12:35:04","Modulo Simulacion","simulation-service","http://localhost:9990/health/ready","500","85","0","20043,51","False","Se canceló una tarea."
"2026-05-25 12:35:04","Modulo Simulacion","simulation-service","http://localhost:9990/health/ready","500","86","200","661,3","True",""
"2026-05-25 12:35:04","Modulo Simulacion","simulation-service","http://localhost:9990/health/ready","500","87","200","658,65","True",""
"2026-05-25 12:35:04","Modulo Simulacion","simulation-service","http://localhost:9990/health/ready","500","88","200","657,98","True",""
"2026-05-25 12:35:04","Modulo Simulacion","simulation-service","http://localhost:9990/health/ready","500","89","0","20037,18","False","Se canceló una tarea."
"2026-05-25 12:35:04","Modulo Simulacion","simulation-service","http://localhost:9990/health/ready","500","90","200","652,13","True",""
"2026-05-25 12:35:04","Modulo Simulacion","simulation-service","http://localhost:9990/health/ready","500","91","0","20036,56","False","Se canceló una tarea."
"2026-05-25 12:35:04","Modulo Simulacion","simulation-service","http://localhost:9990/health/ready","500","92","200","628,56","True",""
"2026-05-25 12:35:04","Modulo Simulacion","simulation-service","http://localhost:9990/health/ready","500","93","0","20036,8","False","Se canceló una tarea."
"2026-05-25 12:35:04","Modulo Simulacion","simulation-service","http://localhost:9990/health/ready","500","94","200","623,06","True",""
"2026-05-25 12:35:04","Modulo Simulacion","simulation-service","http://localhost:9990/health/ready","500","95","200","664,92","True",""
"2026-05-25 12:35:04","Modulo Simulacion","simulation-service","http://localhost:9990/health/ready","500","96","0","20035,23","False","Se canceló una tarea."
"2026-05-25 12:35:04","Modulo Simulacion","simulation-service","http://localhost:9990/health/ready","500","97","0","20036,22","False","Se canceló una tarea."
"2026-05-25 12:35:04","Modulo Simulacion","simulation-service","http://localhost:9990/health/ready","500","98","200","637,57","True",""
"2026-05-25 12:35:04","Modulo Simulacion","simulation-service","http://localhost:9990/health/ready","500","99","0","20040,79","False","Se canceló una tarea."
"2026-05-25 12:35:04","Modulo Simulacion","simulation-service","http://localhost:9990/health/ready","500","100","200","683,95","True",""
"2026-05-25 12:35:04","Modulo Simulacion","simulation-service","http://localhost:9990/health/ready","500","101","200","652,63","True",""
"2026-05-25 12:35:04","Modulo Simulacion","simulation-service","http://localhost:9990/health/ready","500","102","0","20035,82","False","Se canceló una tarea."
"2026-05-25 12:35:04","Modulo Simulacion","simulation-service","http://localhost:9990/health/ready","500","103","200","653,06","True",""
"2026-05-25 12:35:04","Modulo Simulacion","simulation-service","http://localhost:9990/health/ready","500","104","200","663,86","True",""
"2026-05-25 12:35:04","Modulo Simulacion","simulation-service","http://localhost:9990/health/ready","500","105","200","678,16","True",""
"2026-05-25 12:35:04","Modulo Simulacion","simulation-service","http://localhost:9990/health/ready","500","106","0","20035,81","False","Se canceló una tarea."
"2026-05-25 12:35:04","Modulo Simulacion","simulation-service","http://localhost:9990/health/ready","500","107","200","672,94","True",""
"2026-05-25 12:35:04","Modulo Simulacion","simulation-service","http://localhost:9990/health/ready","500","108","0","20035,42","False","Se canceló una tarea."
"2026-05-25 12:35:04","Modulo Simulacion","simulation-service","http://localhost:9990/health/ready","500","109","200","670,38","True",""
"2026-05-25 12:35:04","Modulo Simulacion","simulation-service","http://localhost:9990/health/ready","500","110","0","20034,62","False","Se canceló una tarea."
"2026-05-25 12:35:04","Modulo Simulacion","simulation-service","http://localhost:9990/health/ready","500","111","0","20034,19","False","Se canceló una tarea."
"2026-05-25 12:35:04","Modulo Simulacion","simulation-service","http://localhost:9990/health/ready","500","112","0","20037,57","False","Se canceló una tarea."
"2026-05-25 12:35:04","Modulo Simulacion","simulation-service","http://localhost:9990/health/ready","500","113","0","20034,72","False","Se canceló una tarea."
"2026-05-25 12:35:04","Modulo Simulacion","simulation-service","http://localhost:9990/health/ready","500","114","0","20031,3","False","Se canceló una tarea."
"2026-05-25 12:35:04","Modulo Simulacion","simulation-service","http://localhost:9990/health/ready","500","115","0","20031,16","False","Se canceló una tarea."
"2026-05-25 12:35:04","Modulo Simulacion","simulation-service","http://localhost:9990/health/ready","500","116","0","20027,99","False","Se canceló una tarea."
"2026-05-25 12:35:04","Modulo Simulacion","simulation-service","http://localhost:9990/health/ready","500","117","0","20035,92","False","Se canceló una tarea."
"2026-05-25 12:35:04","Modulo Simulacion","simulation-service","http://localhost:9990/health/ready","500","118","0","20027,48","False","Se canceló una tarea."
"2026-05-25 12:35:04","Modulo Simulacion","simulation-service","http://localhost:9990/health/ready","500","119","0","20027,67","False","Se canceló una tarea."
"2026-05-25 12:35:04","Modulo Simulacion","simulation-service","http://localhost:9990/health/ready","500","120","200","667,44","True",""
"2026-05-25 12:35:04","Modulo Simulacion","simulation-service","http://localhost:9990/health/ready","500","121","200","675,2","True",""
"2026-05-25 12:35:04","Modulo Simulacion","simulation-service","http://localhost:9990/health/ready","500","122","0","20029,9","False","Se canceló una tarea."
"2026-05-25 12:35:04","Modulo Simulacion","simulation-service","http://localhost:9990/health/ready","500","123","0","20024,87","False","Se canceló una tarea."
"2026-05-25 12:35:04","Modulo Simulacion","simulation-service","http://localhost:9990/health/ready","500","124","0","20026,64","False","Se canceló una tarea."
"2026-05-25 12:35:04","Modulo Simulacion","simulation-service","http://localhost:9990/health/ready","500","125","0","20028,9","False","Se canceló una tarea."
"2026-05-25 12:35:04","Modulo Simulacion","simulation-service","http://localhost:9990/health/ready","500","126","0","20023,23","False","Se canceló una tarea."
"2026-05-25 12:35:04","Modulo Simulacion","simulation-service","http://localhost:9990/health/ready","500","127","0","20026,85","False","Se canceló una tarea."
"2026-05-25 12:35:04","Modulo Simulacion","simulation-service","http://localhost:9990/health/ready","500","128","0","20022,55","False","Se canceló una tarea."
"2026-05-25 12:35:04","Modulo Simulacion","simulation-service","http://localhost:9990/health/ready","500","129","0","20022,5","False","Se canceló una tarea."
"2026-05-25 12:35:04","Modulo Simulacion","simulation-service","http://localhost:9990/health/ready","500","130","0","20021,91","False","Se canceló una tarea."
"2026-05-25 12:35:04","Modulo Simulacion","simulation-service","http://localhost:9990/health/ready","500","131","0","20023,73","False","Se canceló una tarea."
"2026-05-25 12:35:04","Modulo Simulacion","simulation-service","http://localhost:9990/health/ready","500","132","0","20021,89","False","Se canceló una tarea."
"2026-05-25 12:35:04","Modulo Simulacion","simulation-service","http://localhost:9990/health/ready","500","133","0","20023,65","False","Se canceló una tarea."
"2026-05-25 12:35:04","Modulo Simulacion","simulation-service","http://localhost:9990/health/ready","500","134","0","20021,1","False","Se canceló una tarea."
"2026-05-25 12:35:04","Modulo Simulacion","simulation-service","http://localhost:9990/health/ready","500","135","200","668,51","True",""
"2026-05-25 12:35:04","Modulo Simulacion","simulation-service","http://localhost:9990/health/ready","500","136","0","20021","False","Se canceló una tarea."
"2026-05-25 12:35:04","Modulo Simulacion","simulation-service","http://localhost:9990/health/ready","500","137","0","20025,76","False","Se canceló una tarea."
"2026-05-25 12:35:04","Modulo Simulacion","simulation-service","http://localhost:9990/health/ready","500","138","0","20019,83","False","Se canceló una tarea."
"2026-05-25 12:35:04","Modulo Simulacion","simulation-service","http://localhost:9990/health/ready","500","139","0","20017,97","False","Se canceló una tarea."
"2026-05-25 12:35:04","Modulo Simulacion","simulation-service","http://localhost:9990/health/ready","500","140","0","20018,08","False","Se canceló una tarea."
"2026-05-25 12:35:04","Modulo Simulacion","simulation-service","http://localhost:9990/health/ready","500","141","0","20017,46","False","Se canceló una tarea."
"2026-05-25 12:35:04","Modulo Simulacion","simulation-service","http://localhost:9990/health/ready","500","142","0","20020,3","False","Se canceló una tarea."
"2026-05-25 12:35:04","Modulo Simulacion","simulation-service","http://localhost:9990/health/ready","500","143","0","20017,54","False","Se canceló una tarea."
"2026-05-25 12:35:04","Modulo Simulacion","simulation-service","http://localhost:9990/health/ready","500","144","0","20017,52","False","Se canceló una tarea."
"2026-05-25 12:35:04","Modulo Simulacion","simulation-service","http://localhost:9990/health/ready","500","145","0","20016,85","False","Se canceló una tarea."
"2026-05-25 12:35:04","Modulo Simulacion","simulation-service","http://localhost:9990/health/ready","500","146","0","20017,08","False","Se canceló una tarea."
"2026-05-25 12:35:04","Modulo Simulacion","simulation-service","http://localhost:9990/health/ready","500","147","0","20017,82","False","Se canceló una tarea."
"2026-05-25 12:35:04","Modulo Simulacion","simulation-service","http://localhost:9990/health/ready","500","148","0","20017,19","False","Se canceló una tarea."
"2026-05-25 12:35:04","Modulo Simulacion","simulation-service","http://localhost:9990/health/ready","500","149","0","20019,47","False","Se canceló una tarea."
"2026-05-25 12:35:04","Modulo Simulacion","simulation-service","http://localhost:9990/health/ready","500","150","0","20014,4","False","Se canceló una tarea."
"2026-05-25 12:35:04","Modulo Simulacion","simulation-service","http://localhost:9990/health/ready","500","151","0","20013,22","False","Se canceló una tarea."
"2026-05-25 12:35:04","Modulo Simulacion","simulation-service","http://localhost:9990/health/ready","500","152","0","20014,01","False","Se canceló una tarea."
"2026-05-25 12:35:04","Modulo Simulacion","simulation-service","http://localhost:9990/health/ready","500","153","0","20013,07","False","Se canceló una tarea."
"2026-05-25 12:35:04","Modulo Simulacion","simulation-service","http://localhost:9990/health/ready","500","154","0","20013,33","False","Se canceló una tarea."
"2026-05-25 12:35:04","Modulo Simulacion","simulation-service","http://localhost:9990/health/ready","500","155","0","20012,58","False","Se canceló una tarea."
"2026-05-25 12:35:04","Modulo Simulacion","simulation-service","http://localhost:9990/health/ready","500","156","0","20013,12","False","Se canceló una tarea."
"2026-05-25 12:35:04","Modulo Simulacion","simulation-service","http://localhost:9990/health/ready","500","157","0","20012,93","False","Se canceló una tarea."
"2026-05-25 12:35:04","Modulo Simulacion","simulation-service","http://localhost:9990/health/ready","500","158","0","20012,71","False","Se canceló una tarea."
"2026-05-25 12:35:04","Modulo Simulacion","simulation-service","http://localhost:9990/health/ready","500","159","0","20012,26","False","Se canceló una tarea."
"2026-05-25 12:35:04","Modulo Simulacion","simulation-service","http://localhost:9990/health/ready","500","160","0","20015,37","False","Se canceló una tarea."
"2026-05-25 12:35:04","Modulo Simulacion","simulation-service","http://localhost:9990/health/ready","500","161","0","20011,84","False","Se canceló una tarea."
"2026-05-25 12:35:04","Modulo Simulacion","simulation-service","http://localhost:9990/health/ready","500","162","0","20011,43","False","Se canceló una tarea."
"2026-05-25 12:35:04","Modulo Simulacion","simulation-service","http://localhost:9990/health/ready","500","163","0","20011,71","False","Se canceló una tarea."
"2026-05-25 12:35:04","Modulo Simulacion","simulation-service","http://localhost:9990/health/ready","500","164","0","20011,35","False","Se canceló una tarea."
"2026-05-25 12:35:04","Modulo Simulacion","simulation-service","http://localhost:9990/health/ready","500","165","0","20011,54","False","Se canceló una tarea."
"2026-05-25 12:35:04","Modulo Simulacion","simulation-service","http://localhost:9990/health/ready","500","166","0","20010,97","False","Se canceló una tarea."
"2026-05-25 12:35:04","Modulo Simulacion","simulation-service","http://localhost:9990/health/ready","500","167","0","20010,41","False","Se canceló una tarea."
"2026-05-25 12:35:04","Modulo Simulacion","simulation-service","http://localhost:9990/health/ready","500","168","0","20014,46","False","Se canceló una tarea."
"2026-05-25 12:35:04","Modulo Simulacion","simulation-service","http://localhost:9990/health/ready","500","169","0","20009,44","False","Se canceló una tarea."
"2026-05-25 12:35:04","Modulo Simulacion","simulation-service","http://localhost:9990/health/ready","500","170","0","20026,44","False","Se canceló una tarea."
"2026-05-25 12:35:04","Modulo Simulacion","simulation-service","http://localhost:9990/health/ready","500","171","0","20015,84","False","Se canceló una tarea."
"2026-05-25 12:35:04","Modulo Simulacion","simulation-service","http://localhost:9990/health/ready","500","172","0","20009,38","False","Se canceló una tarea."
"2026-05-25 12:35:04","Modulo Simulacion","simulation-service","http://localhost:9990/health/ready","500","173","0","20009,26","False","Se canceló una tarea."
"2026-05-25 12:35:04","Modulo Simulacion","simulation-service","http://localhost:9990/health/ready","500","174","0","20008,66","False","Se canceló una tarea."
"2026-05-25 12:35:04","Modulo Simulacion","simulation-service","http://localhost:9990/health/ready","500","175","0","20010,02","False","Se canceló una tarea."
"2026-05-25 12:35:04","Modulo Simulacion","simulation-service","http://localhost:9990/health/ready","500","176","0","20004,24","False","Se canceló una tarea."
"2026-05-25 12:35:04","Modulo Simulacion","simulation-service","http://localhost:9990/health/ready","500","177","0","20006,97","False","Se canceló una tarea."
"2026-05-25 12:35:04","Modulo Simulacion","simulation-service","http://localhost:9990/health/ready","500","178","0","20002,27","False","Se canceló una tarea."
"2026-05-25 12:35:04","Modulo Simulacion","simulation-service","http://localhost:9990/health/ready","500","179","0","20003,34","False","Se canceló una tarea."
"2026-05-25 12:35:04","Modulo Simulacion","simulation-service","http://localhost:9990/health/ready","500","180","0","20003,53","False","Se canceló una tarea."
"2026-05-25 12:35:04","Modulo Simulacion","simulation-service","http://localhost:9990/health/ready","500","181","0","20006,3","False","Se canceló una tarea."
"2026-05-25 12:35:04","Modulo Simulacion","simulation-service","http://localhost:9990/health/ready","500","182","0","20001,78","False","Se canceló una tarea."
"2026-05-25 12:35:04","Modulo Simulacion","simulation-service","http://localhost:9990/health/ready","500","183","0","20006,98","False","Se canceló una tarea."
"2026-05-25 12:35:04","Modulo Simulacion","simulation-service","http://localhost:9990/health/ready","500","184","0","20003,26","False","Se canceló una tarea."
"2026-05-25 12:35:04","Modulo Simulacion","simulation-service","http://localhost:9990/health/ready","500","185","0","20003,36","False","Se canceló una tarea."
"2026-05-25 12:35:04","Modulo Simulacion","simulation-service","http://localhost:9990/health/ready","500","186","0","20002,54","False","Se canceló una tarea."
"2026-05-25 12:35:04","Modulo Simulacion","simulation-service","http://localhost:9990/health/ready","500","187","0","20004,52","False","Se canceló una tarea."
"2026-05-25 12:35:04","Modulo Simulacion","simulation-service","http://localhost:9990/health/ready","500","188","0","20005,26","False","Se canceló una tarea."
"2026-05-25 12:35:04","Modulo Simulacion","simulation-service","http://localhost:9990/health/ready","500","189","0","20002,01","False","Se canceló una tarea."
"2026-05-25 12:35:04","Modulo Simulacion","simulation-service","http://localhost:9990/health/ready","500","190","0","20001,65","False","Se canceló una tarea."
"2026-05-25 12:35:04","Modulo Simulacion","simulation-service","http://localhost:9990/health/ready","500","191","0","20007,32","False","Se canceló una tarea."
"2026-05-25 12:35:04","Modulo Simulacion","simulation-service","http://localhost:9990/health/ready","500","192","0","20022,18","False","Se canceló una tarea."
"2026-05-25 12:35:04","Modulo Simulacion","simulation-service","http://localhost:9990/health/ready","500","193","0","20004,83","False","Se canceló una tarea."
"2026-05-25 12:35:04","Modulo Simulacion","simulation-service","http://localhost:9990/health/ready","500","194","0","20006,5","False","Se canceló una tarea."
"2026-05-25 12:35:04","Modulo Simulacion","simulation-service","http://localhost:9990/health/ready","500","195","0","20004,91","False","Se canceló una tarea."
"2026-05-25 12:35:04","Modulo Simulacion","simulation-service","http://localhost:9990/health/ready","500","196","0","20022,17","False","Se canceló una tarea."
"2026-05-25 12:35:04","Modulo Simulacion","simulation-service","http://localhost:9990/health/ready","500","197","0","20021,15","False","Se canceló una tarea."
"2026-05-25 12:35:04","Modulo Simulacion","simulation-service","http://localhost:9990/health/ready","500","198","0","20021,14","False","Se canceló una tarea."
"2026-05-25 12:35:04","Modulo Simulacion","simulation-service","http://localhost:9990/health/ready","500","199","0","20021,03","False","Se canceló una tarea."
"2026-05-25 12:35:04","Modulo Simulacion","simulation-service","http://localhost:9990/health/ready","500","200","0","20021,14","False","Se canceló una tarea."
"2026-05-25 12:35:04","Modulo Simulacion","simulation-service","http://localhost:9990/health/ready","500","201","0","20021,22","False","Se canceló una tarea."
"2026-05-25 12:35:04","Modulo Simulacion","simulation-service","http://localhost:9990/health/ready","500","202","0","20020,69","False","Se canceló una tarea."
"2026-05-25 12:35:04","Modulo Simulacion","simulation-service","http://localhost:9990/health/ready","500","203","0","20020,77","False","Se canceló una tarea."
"2026-05-25 12:35:04","Modulo Simulacion","simulation-service","http://localhost:9990/health/ready","500","204","0","20020,13","False","Se canceló una tarea."
"2026-05-25 12:35:04","Modulo Simulacion","simulation-service","http://localhost:9990/health/ready","500","205","0","20018,82","False","Se canceló una tarea."
"2026-05-25 12:35:04","Modulo Simulacion","simulation-service","http://localhost:9990/health/ready","500","206","0","20019,02","False","Se canceló una tarea."
"2026-05-25 12:35:04","Modulo Simulacion","simulation-service","http://localhost:9990/health/ready","500","207","0","20017,79","False","Se canceló una tarea."
"2026-05-25 12:35:04","Modulo Simulacion","simulation-service","http://localhost:9990/health/ready","500","208","0","20018,13","False","Se canceló una tarea."
"2026-05-25 12:35:04","Modulo Simulacion","simulation-service","http://localhost:9990/health/ready","500","209","0","20016,91","False","Se canceló una tarea."
"2026-05-25 12:35:04","Modulo Simulacion","simulation-service","http://localhost:9990/health/ready","500","210","0","20016,86","False","Se canceló una tarea."
"2026-05-25 12:35:04","Modulo Simulacion","simulation-service","http://localhost:9990/health/ready","500","211","0","20016,76","False","Se canceló una tarea."
"2026-05-25 12:35:04","Modulo Simulacion","simulation-service","http://localhost:9990/health/ready","500","212","0","20015,82","False","Se canceló una tarea."
"2026-05-25 12:35:04","Modulo Simulacion","simulation-service","http://localhost:9990/health/ready","500","213","0","20015,53","False","Se canceló una tarea."
"2026-05-25 12:35:04","Modulo Simulacion","simulation-service","http://localhost:9990/health/ready","500","214","0","20014,92","False","Se canceló una tarea."
"2026-05-25 12:35:04","Modulo Simulacion","simulation-service","http://localhost:9990/health/ready","500","215","0","20014,74","False","Se canceló una tarea."
"2026-05-25 12:35:04","Modulo Simulacion","simulation-service","http://localhost:9990/health/ready","500","216","0","20014,61","False","Se canceló una tarea."
"2026-05-25 12:35:04","Modulo Simulacion","simulation-service","http://localhost:9990/health/ready","500","217","0","20013,81","False","Se canceló una tarea."
"2026-05-25 12:35:04","Modulo Simulacion","simulation-service","http://localhost:9990/health/ready","500","218","0","20013,78","False","Se canceló una tarea."
"2026-05-25 12:35:04","Modulo Simulacion","simulation-service","http://localhost:9990/health/ready","500","219","0","20012,99","False","Se canceló una tarea."
"2026-05-25 12:35:04","Modulo Simulacion","simulation-service","http://localhost:9990/health/ready","500","220","0","20013,62","False","Se canceló una tarea."
"2026-05-25 12:35:04","Modulo Simulacion","simulation-service","http://localhost:9990/health/ready","500","221","0","20014,16","False","Se canceló una tarea."
"2026-05-25 12:35:04","Modulo Simulacion","simulation-service","http://localhost:9990/health/ready","500","222","0","20012,98","False","Se canceló una tarea."
"2026-05-25 12:35:04","Modulo Simulacion","simulation-service","http://localhost:9990/health/ready","500","223","0","20011,97","False","Se canceló una tarea."
"2026-05-25 12:35:04","Modulo Simulacion","simulation-service","http://localhost:9990/health/ready","500","224","0","20012,06","False","Se canceló una tarea."
"2026-05-25 12:35:04","Modulo Simulacion","simulation-service","http://localhost:9990/health/ready","500","225","0","20009,87","False","Se canceló una tarea."
"2026-05-25 12:35:04","Modulo Simulacion","simulation-service","http://localhost:9990/health/ready","500","226","0","20010,24","False","Se canceló una tarea."
"2026-05-25 12:35:04","Modulo Simulacion","simulation-service","http://localhost:9990/health/ready","500","227","0","20011,35","False","Se canceló una tarea."
"2026-05-25 12:35:04","Modulo Simulacion","simulation-service","http://localhost:9990/health/ready","500","228","0","20009,84","False","Se canceló una tarea."
"2026-05-25 12:35:04","Modulo Simulacion","simulation-service","http://localhost:9990/health/ready","500","229","0","20010,02","False","Se canceló una tarea."
"2026-05-25 12:35:04","Modulo Simulacion","simulation-service","http://localhost:9990/health/ready","500","230","0","20010,84","False","Se canceló una tarea."
"2026-05-25 12:35:04","Modulo Simulacion","simulation-service","http://localhost:9990/health/ready","500","231","0","20011,63","False","Se canceló una tarea."
"2026-05-25 12:35:04","Modulo Simulacion","simulation-service","http://localhost:9990/health/ready","500","232","0","20007,65","False","Se canceló una tarea."
"2026-05-25 12:35:04","Modulo Simulacion","simulation-service","http://localhost:9990/health/ready","500","233","0","20007,51","False","Se canceló una tarea."
"2026-05-25 12:35:04","Modulo Simulacion","simulation-service","http://localhost:9990/health/ready","500","234","0","20006,38","False","Se canceló una tarea."
"2026-05-25 12:35:04","Modulo Simulacion","simulation-service","http://localhost:9990/health/ready","500","235","0","20003,93","False","Se canceló una tarea."
"2026-05-25 12:35:04","Modulo Simulacion","simulation-service","http://localhost:9990/health/ready","500","236","0","20003,92","False","Se canceló una tarea."
"2026-05-25 12:35:04","Modulo Simulacion","simulation-service","http://localhost:9990/health/ready","500","237","0","20006,32","False","Se canceló una tarea."
"2026-05-25 12:35:04","Modulo Simulacion","simulation-service","http://localhost:9990/health/ready","500","238","0","20003,88","False","Se canceló una tarea."
"2026-05-25 12:35:04","Modulo Simulacion","simulation-service","http://localhost:9990/health/ready","500","239","0","20005,23","False","Se canceló una tarea."
"2026-05-25 12:35:04","Modulo Simulacion","simulation-service","http://localhost:9990/health/ready","500","240","0","20004,51","False","Se canceló una tarea."
"2026-05-25 12:35:04","Modulo Simulacion","simulation-service","http://localhost:9990/health/ready","500","241","0","20001,99","False","Se canceló una tarea."
"2026-05-25 12:35:04","Modulo Simulacion","simulation-service","http://localhost:9990/health/ready","500","242","0","20002,73","False","Se canceló una tarea."
"2026-05-25 12:35:04","Modulo Simulacion","simulation-service","http://localhost:9990/health/ready","500","243","0","20000,18","False","Se canceló una tarea."
"2026-05-25 12:35:04","Modulo Simulacion","simulation-service","http://localhost:9990/health/ready","500","244","0","20025,3","False","Se canceló una tarea."
"2026-05-25 12:35:04","Modulo Simulacion","simulation-service","http://localhost:9990/health/ready","500","245","0","20025,36","False","Se canceló una tarea."
"2026-05-25 12:35:04","Modulo Simulacion","simulation-service","http://localhost:9990/health/ready","500","246","0","20025,06","False","Se canceló una tarea."
"2026-05-25 12:35:04","Modulo Simulacion","simulation-service","http://localhost:9990/health/ready","500","247","0","20025,12","False","Se canceló una tarea."
"2026-05-25 12:35:04","Modulo Simulacion","simulation-service","http://localhost:9990/health/ready","500","248","0","20025,02","False","Se canceló una tarea."
"2026-05-25 12:35:04","Modulo Simulacion","simulation-service","http://localhost:9990/health/ready","500","249","0","20024,25","False","Se canceló una tarea."
"2026-05-25 12:35:04","Modulo Simulacion","simulation-service","http://localhost:9990/health/ready","500","250","0","20024,41","False","Se canceló una tarea."
"2026-05-25 12:35:04","Modulo Simulacion","simulation-service","http://localhost:9990/health/ready","500","251","0","20024,39","False","Se canceló una tarea."
"2026-05-25 12:35:04","Modulo Simulacion","simulation-service","http://localhost:9990/health/ready","500","252","0","20022,92","False","Se canceló una tarea."
"2026-05-25 12:35:04","Modulo Simulacion","simulation-service","http://localhost:9990/health/ready","500","253","0","20023,1","False","Se canceló una tarea."
"2026-05-25 12:35:04","Modulo Simulacion","simulation-service","http://localhost:9990/health/ready","500","254","0","20023,08","False","Se canceló una tarea."
"2026-05-25 12:35:04","Modulo Simulacion","simulation-service","http://localhost:9990/health/ready","500","255","0","20022,7","False","Se canceló una tarea."
"2026-05-25 12:35:04","Modulo Simulacion","simulation-service","http://localhost:9990/health/ready","500","256","0","20023,21","False","Se canceló una tarea."
"2026-05-25 12:35:04","Modulo Simulacion","simulation-service","http://localhost:9990/health/ready","500","257","0","20022,33","False","Se canceló una tarea."
"2026-05-25 12:35:04","Modulo Simulacion","simulation-service","http://localhost:9990/health/ready","500","258","0","20023,55","False","Se canceló una tarea."
"2026-05-25 12:35:04","Modulo Simulacion","simulation-service","http://localhost:9990/health/ready","500","259","0","20022,66","False","Se canceló una tarea."
"2026-05-25 12:35:04","Modulo Simulacion","simulation-service","http://localhost:9990/health/ready","500","260","0","20022,82","False","Se canceló una tarea."
"2026-05-25 12:35:04","Modulo Simulacion","simulation-service","http://localhost:9990/health/ready","500","261","0","20023,07","False","Se canceló una tarea."
"2026-05-25 12:35:04","Modulo Simulacion","simulation-service","http://localhost:9990/health/ready","500","262","0","20021,62","False","Se canceló una tarea."
"2026-05-25 12:35:04","Modulo Simulacion","simulation-service","http://localhost:9990/health/ready","500","263","0","20022,05","False","Se canceló una tarea."
"2026-05-25 12:35:04","Modulo Simulacion","simulation-service","http://localhost:9990/health/ready","500","264","0","20021,02","False","Se canceló una tarea."
"2026-05-25 12:35:04","Modulo Simulacion","simulation-service","http://localhost:9990/health/ready","500","265","0","20017,94","False","Se canceló una tarea."
"2026-05-25 12:35:04","Modulo Simulacion","simulation-service","http://localhost:9990/health/ready","500","266","0","20018,28","False","Se canceló una tarea."
"2026-05-25 12:35:04","Modulo Simulacion","simulation-service","http://localhost:9990/health/ready","500","267","0","20018,31","False","Se canceló una tarea."
"2026-05-25 12:35:04","Modulo Simulacion","simulation-service","http://localhost:9990/health/ready","500","268","0","20017,03","False","Se canceló una tarea."
"2026-05-25 12:35:04","Modulo Simulacion","simulation-service","http://localhost:9990/health/ready","500","269","0","20018,25","False","Se canceló una tarea."
"2026-05-25 12:35:04","Modulo Simulacion","simulation-service","http://localhost:9990/health/ready","500","270","0","20017,44","False","Se canceló una tarea."
"2026-05-25 12:35:04","Modulo Simulacion","simulation-service","http://localhost:9990/health/ready","500","271","0","20017,95","False","Se canceló una tarea."
"2026-05-25 12:35:04","Modulo Simulacion","simulation-service","http://localhost:9990/health/ready","500","272","0","20017,5","False","Se canceló una tarea."
"2026-05-25 12:35:04","Modulo Simulacion","simulation-service","http://localhost:9990/health/ready","500","273","0","20014,61","False","Se canceló una tarea."
"2026-05-25 12:35:04","Modulo Simulacion","simulation-service","http://localhost:9990/health/ready","500","274","0","20016,31","False","Se canceló una tarea."
"2026-05-25 12:35:04","Modulo Simulacion","simulation-service","http://localhost:9990/health/ready","500","275","0","20016,93","False","Se canceló una tarea."
"2026-05-25 12:35:04","Modulo Simulacion","simulation-service","http://localhost:9990/health/ready","500","276","0","20016,76","False","Se canceló una tarea."
"2026-05-25 12:35:04","Modulo Simulacion","simulation-service","http://localhost:9990/health/ready","500","277","0","20017,98","False","Se canceló una tarea."
"2026-05-25 12:35:04","Modulo Simulacion","simulation-service","http://localhost:9990/health/ready","500","278","0","20016,35","False","Se canceló una tarea."
"2026-05-25 12:35:04","Modulo Simulacion","simulation-service","http://localhost:9990/health/ready","500","279","0","20015,06","False","Se canceló una tarea."
"2026-05-25 12:35:04","Modulo Simulacion","simulation-service","http://localhost:9990/health/ready","500","280","0","20015,01","False","Se canceló una tarea."
"2026-05-25 12:35:04","Modulo Simulacion","simulation-service","http://localhost:9990/health/ready","500","281","0","20016,08","False","Se canceló una tarea."
"2026-05-25 12:35:04","Modulo Simulacion","simulation-service","http://localhost:9990/health/ready","500","282","0","20015,75","False","Se canceló una tarea."
"2026-05-25 12:35:04","Modulo Simulacion","simulation-service","http://localhost:9990/health/ready","500","283","0","20013,86","False","Se canceló una tarea."
"2026-05-25 12:35:04","Modulo Simulacion","simulation-service","http://localhost:9990/health/ready","500","284","0","20013,29","False","Se canceló una tarea."
"2026-05-25 12:35:04","Modulo Simulacion","simulation-service","http://localhost:9990/health/ready","500","285","0","20015,79","False","Se canceló una tarea."
"2026-05-25 12:35:04","Modulo Simulacion","simulation-service","http://localhost:9990/health/ready","500","286","0","20014,95","False","Se canceló una tarea."
"2026-05-25 12:35:04","Modulo Simulacion","simulation-service","http://localhost:9990/health/ready","500","287","0","20013,33","False","Se canceló una tarea."
"2026-05-25 12:35:04","Modulo Simulacion","simulation-service","http://localhost:9990/health/ready","500","288","0","20012,17","False","Se canceló una tarea."
"2026-05-25 12:35:04","Modulo Simulacion","simulation-service","http://localhost:9990/health/ready","500","289","0","20014,21","False","Se canceló una tarea."
"2026-05-25 12:35:04","Modulo Simulacion","simulation-service","http://localhost:9990/health/ready","500","290","0","20011,17","False","Se canceló una tarea."
"2026-05-25 12:35:04","Modulo Simulacion","simulation-service","http://localhost:9990/health/ready","500","291","0","20009,52","False","Se canceló una tarea."
"2026-05-25 12:35:04","Modulo Simulacion","simulation-service","http://localhost:9990/health/ready","500","292","0","20009,83","False","Se canceló una tarea."
"2026-05-25 12:35:04","Modulo Simulacion","simulation-service","http://localhost:9990/health/ready","500","293","0","20010,55","False","Se canceló una tarea."
"2026-05-25 12:35:04","Modulo Simulacion","simulation-service","http://localhost:9990/health/ready","500","294","0","20009,12","False","Se canceló una tarea."
"2026-05-25 12:35:04","Modulo Simulacion","simulation-service","http://localhost:9990/health/ready","500","295","0","20010,57","False","Se canceló una tarea."
"2026-05-25 12:35:04","Modulo Simulacion","simulation-service","http://localhost:9990/health/ready","500","296","0","20009,09","False","Se canceló una tarea."
"2026-05-25 12:35:04","Modulo Simulacion","simulation-service","http://localhost:9990/health/ready","500","297","0","20008,87","False","Se canceló una tarea."
"2026-05-25 12:35:04","Modulo Simulacion","simulation-service","http://localhost:9990/health/ready","500","298","0","20008,59","False","Se canceló una tarea."
"2026-05-25 12:35:04","Modulo Simulacion","simulation-service","http://localhost:9990/health/ready","500","299","0","20006,47","False","Se canceló una tarea."
"2026-05-25 12:35:04","Modulo Simulacion","simulation-service","http://localhost:9990/health/ready","500","300","0","20006,59","False","Se canceló una tarea."
"2026-05-25 12:35:04","Modulo Simulacion","simulation-service","http://localhost:9990/health/ready","500","301","0","20007,06","False","Se canceló una tarea."
"2026-05-25 12:35:04","Modulo Simulacion","simulation-service","http://localhost:9990/health/ready","500","302","0","20007,98","False","Se canceló una tarea."
"2026-05-25 12:35:04","Modulo Simulacion","simulation-service","http://localhost:9990/health/ready","500","303","0","20006,44","False","Se canceló una tarea."
"2026-05-25 12:35:04","Modulo Simulacion","simulation-service","http://localhost:9990/health/ready","500","304","0","20005,05","False","Se canceló una tarea."
"2026-05-25 12:35:04","Modulo Simulacion","simulation-service","http://localhost:9990/health/ready","500","305","0","20004,8","False","Se canceló una tarea."
"2026-05-25 12:35:04","Modulo Simulacion","simulation-service","http://localhost:9990/health/ready","500","306","0","20005,97","False","Se canceló una tarea."
"2026-05-25 12:35:04","Modulo Simulacion","simulation-service","http://localhost:9990/health/ready","500","307","0","20004,33","False","Se canceló una tarea."
"2026-05-25 12:35:04","Modulo Simulacion","simulation-service","http://localhost:9990/health/ready","500","308","0","20010,16","False","Se canceló una tarea."
"2026-05-25 12:35:04","Modulo Simulacion","simulation-service","http://localhost:9990/health/ready","500","309","0","20003,18","False","Se canceló una tarea."
"2026-05-25 12:35:04","Modulo Simulacion","simulation-service","http://localhost:9990/health/ready","500","310","0","20004,56","False","Se canceló una tarea."
"2026-05-25 12:35:04","Modulo Simulacion","simulation-service","http://localhost:9990/health/ready","500","311","0","20002,66","False","Se canceló una tarea."
"2026-05-25 12:35:04","Modulo Simulacion","simulation-service","http://localhost:9990/health/ready","500","312","0","20002,77","False","Se canceló una tarea."
"2026-05-25 12:35:04","Modulo Simulacion","simulation-service","http://localhost:9990/health/ready","500","313","0","20003,14","False","Se canceló una tarea."
"2026-05-25 12:35:04","Modulo Simulacion","simulation-service","http://localhost:9990/health/ready","500","314","0","20004,44","False","Se canceló una tarea."
"2026-05-25 12:35:04","Modulo Simulacion","simulation-service","http://localhost:9990/health/ready","500","315","0","20003","False","Se canceló una tarea."
"2026-05-25 12:35:04","Modulo Simulacion","simulation-service","http://localhost:9990/health/ready","500","316","0","20005,9","False","Se canceló una tarea."
"2026-05-25 12:35:04","Modulo Simulacion","simulation-service","http://localhost:9990/health/ready","500","317","0","20001,89","False","Se canceló una tarea."
"2026-05-25 12:35:04","Modulo Simulacion","simulation-service","http://localhost:9990/health/ready","500","318","0","20006,16","False","Se canceló una tarea."
"2026-05-25 12:35:04","Modulo Simulacion","simulation-service","http://localhost:9990/health/ready","500","319","0","20002,52","False","Se canceló una tarea."
"2026-05-25 12:35:04","Modulo Simulacion","simulation-service","http://localhost:9990/health/ready","500","320","0","20029,11","False","Se canceló una tarea."
"2026-05-25 12:35:04","Modulo Simulacion","simulation-service","http://localhost:9990/health/ready","500","321","0","20005,87","False","Se canceló una tarea."
"2026-05-25 12:35:04","Modulo Simulacion","simulation-service","http://localhost:9990/health/ready","500","322","0","20006,36","False","Se canceló una tarea."
"2026-05-25 12:35:04","Modulo Simulacion","simulation-service","http://localhost:9990/health/ready","500","323","0","20028,49","False","Se canceló una tarea."
"2026-05-25 12:35:04","Modulo Simulacion","simulation-service","http://localhost:9990/health/ready","500","324","0","20028,03","False","Se canceló una tarea."
"2026-05-25 12:35:04","Modulo Simulacion","simulation-service","http://localhost:9990/health/ready","500","325","0","20027,97","False","Se canceló una tarea."
"2026-05-25 12:35:04","Modulo Simulacion","simulation-service","http://localhost:9990/health/ready","500","326","0","20027,96","False","Se canceló una tarea."
"2026-05-25 12:35:04","Modulo Simulacion","simulation-service","http://localhost:9990/health/ready","500","327","0","20027,85","False","Se canceló una tarea."
"2026-05-25 12:35:04","Modulo Simulacion","simulation-service","http://localhost:9990/health/ready","500","328","0","20027,08","False","Se canceló una tarea."
"2026-05-25 12:35:04","Modulo Simulacion","simulation-service","http://localhost:9990/health/ready","500","329","0","20027,05","False","Se canceló una tarea."
"2026-05-25 12:35:04","Modulo Simulacion","simulation-service","http://localhost:9990/health/ready","500","330","0","20027,11","False","Se canceló una tarea."
"2026-05-25 12:35:04","Modulo Simulacion","simulation-service","http://localhost:9990/health/ready","500","331","0","20025,82","False","Se canceló una tarea."
"2026-05-25 12:35:04","Modulo Simulacion","simulation-service","http://localhost:9990/health/ready","500","332","0","20026,15","False","Se canceló una tarea."
"2026-05-25 12:35:04","Modulo Simulacion","simulation-service","http://localhost:9990/health/ready","500","333","0","20025,03","False","Se canceló una tarea."
"2026-05-25 12:35:04","Modulo Simulacion","simulation-service","http://localhost:9990/health/ready","500","334","0","20025,48","False","Se canceló una tarea."
"2026-05-25 12:35:04","Modulo Simulacion","simulation-service","http://localhost:9990/health/ready","500","335","0","20024,75","False","Se canceló una tarea."
"2026-05-25 12:35:04","Modulo Simulacion","simulation-service","http://localhost:9990/health/ready","500","336","0","20025,14","False","Se canceló una tarea."
"2026-05-25 12:35:04","Modulo Simulacion","simulation-service","http://localhost:9990/health/ready","500","337","0","20022,21","False","Se canceló una tarea."
"2026-05-25 12:35:04","Modulo Simulacion","simulation-service","http://localhost:9990/health/ready","500","338","0","20024,54","False","Se canceló una tarea."
"2026-05-25 12:35:04","Modulo Simulacion","simulation-service","http://localhost:9990/health/ready","500","339","0","20019,75","False","Se canceló una tarea."
"2026-05-25 12:35:04","Modulo Simulacion","simulation-service","http://localhost:9990/health/ready","500","340","0","20019,98","False","Se canceló una tarea."
"2026-05-25 12:35:04","Modulo Simulacion","simulation-service","http://localhost:9990/health/ready","500","341","0","20019,2","False","Se canceló una tarea."
"2026-05-25 12:35:04","Modulo Simulacion","simulation-service","http://localhost:9990/health/ready","500","342","0","20018,81","False","Se canceló una tarea."
"2026-05-25 12:35:04","Modulo Simulacion","simulation-service","http://localhost:9990/health/ready","500","343","0","20021,43","False","Se canceló una tarea."
"2026-05-25 12:35:04","Modulo Simulacion","simulation-service","http://localhost:9990/health/ready","500","344","0","20018,53","False","Se canceló una tarea."
"2026-05-25 12:35:04","Modulo Simulacion","simulation-service","http://localhost:9990/health/ready","500","345","0","20018,73","False","Se canceló una tarea."
"2026-05-25 12:35:04","Modulo Simulacion","simulation-service","http://localhost:9990/health/ready","500","346","0","20020,07","False","Se canceló una tarea."
"2026-05-25 12:35:04","Modulo Simulacion","simulation-service","http://localhost:9990/health/ready","500","347","0","20020,23","False","Se canceló una tarea."
"2026-05-25 12:35:04","Modulo Simulacion","simulation-service","http://localhost:9990/health/ready","500","348","0","20017,1","False","Se canceló una tarea."
"2026-05-25 12:35:04","Modulo Simulacion","simulation-service","http://localhost:9990/health/ready","500","349","0","20017,71","False","Se canceló una tarea."
"2026-05-25 12:35:04","Modulo Simulacion","simulation-service","http://localhost:9990/health/ready","500","350","0","20016,92","False","Se canceló una tarea."
"2026-05-25 12:35:04","Modulo Simulacion","simulation-service","http://localhost:9990/health/ready","500","351","0","20013,8","False","Se canceló una tarea."
"2026-05-25 12:35:04","Modulo Simulacion","simulation-service","http://localhost:9990/health/ready","500","352","0","20013,21","False","Se canceló una tarea."
"2026-05-25 12:35:04","Modulo Simulacion","simulation-service","http://localhost:9990/health/ready","500","353","0","20013,02","False","Se canceló una tarea."
"2026-05-25 12:35:04","Modulo Simulacion","simulation-service","http://localhost:9990/health/ready","500","354","0","20015,87","False","Se canceló una tarea."
"2026-05-25 12:35:04","Modulo Simulacion","simulation-service","http://localhost:9990/health/ready","500","355","0","20016,13","False","Se canceló una tarea."
"2026-05-25 12:35:04","Modulo Simulacion","simulation-service","http://localhost:9990/health/ready","500","356","0","20012,4","False","Se canceló una tarea."
"2026-05-25 12:35:04","Modulo Simulacion","simulation-service","http://localhost:9990/health/ready","500","357","0","20011,78","False","Se canceló una tarea."
"2026-05-25 12:35:04","Modulo Simulacion","simulation-service","http://localhost:9990/health/ready","500","358","0","20012,38","False","Se canceló una tarea."
"2026-05-25 12:35:04","Modulo Simulacion","simulation-service","http://localhost:9990/health/ready","500","359","0","20011,46","False","Se canceló una tarea."
"2026-05-25 12:35:04","Modulo Simulacion","simulation-service","http://localhost:9990/health/ready","500","360","0","20010,22","False","Se canceló una tarea."
"2026-05-25 12:35:04","Modulo Simulacion","simulation-service","http://localhost:9990/health/ready","500","361","0","20009,39","False","Se canceló una tarea."
"2026-05-25 12:35:04","Modulo Simulacion","simulation-service","http://localhost:9990/health/ready","500","362","0","20012,55","False","Se canceló una tarea."
"2026-05-25 12:35:04","Modulo Simulacion","simulation-service","http://localhost:9990/health/ready","500","363","0","20012,03","False","Se canceló una tarea."
"2026-05-25 12:35:04","Modulo Simulacion","simulation-service","http://localhost:9990/health/ready","500","364","0","20009,07","False","Se canceló una tarea."
"2026-05-25 12:35:04","Modulo Simulacion","simulation-service","http://localhost:9990/health/ready","500","365","0","20010,86","False","Se canceló una tarea."
"2026-05-25 12:35:04","Modulo Simulacion","simulation-service","http://localhost:9990/health/ready","500","366","0","20006,12","False","Se canceló una tarea."
"2026-05-25 12:35:04","Modulo Simulacion","simulation-service","http://localhost:9990/health/ready","500","367","0","20003,82","False","Se canceló una tarea."
"2026-05-25 12:35:04","Modulo Simulacion","simulation-service","http://localhost:9990/health/ready","500","368","0","20003,91","False","Se canceló una tarea."
"2026-05-25 12:35:04","Modulo Simulacion","simulation-service","http://localhost:9990/health/ready","500","369","0","20009,93","False","Se canceló una tarea."
"2026-05-25 12:35:04","Modulo Simulacion","simulation-service","http://localhost:9990/health/ready","500","370","0","20013,56","False","Se canceló una tarea."
"2026-05-25 12:35:04","Modulo Simulacion","simulation-service","http://localhost:9990/health/ready","500","371","0","20004,62","False","Se canceló una tarea."
"2026-05-25 12:35:04","Modulo Simulacion","simulation-service","http://localhost:9990/health/ready","500","372","0","20004","False","Se canceló una tarea."
"2026-05-25 12:35:04","Modulo Simulacion","simulation-service","http://localhost:9990/health/ready","500","373","0","20003,05","False","Se canceló una tarea."
"2026-05-25 12:35:04","Modulo Simulacion","simulation-service","http://localhost:9990/health/ready","500","374","0","20002,44","False","Se canceló una tarea."
"2026-05-25 12:35:04","Modulo Simulacion","simulation-service","http://localhost:9990/health/ready","500","375","0","20005,78","False","Se canceló una tarea."
"2026-05-25 12:35:04","Modulo Simulacion","simulation-service","http://localhost:9990/health/ready","500","376","0","20006,42","False","Se canceló una tarea."
"2026-05-25 12:35:04","Modulo Simulacion","simulation-service","http://localhost:9990/health/ready","500","377","0","19999,56","False","Se canceló una tarea."
"2026-05-25 12:35:04","Modulo Simulacion","simulation-service","http://localhost:9990/health/ready","500","378","0","20077,33","False","Se canceló una tarea."
"2026-05-25 12:35:04","Modulo Simulacion","simulation-service","http://localhost:9990/health/ready","500","379","0","19999,38","False","Se canceló una tarea."
"2026-05-25 12:35:04","Modulo Simulacion","simulation-service","http://localhost:9990/health/ready","500","380","0","20077,75","False","Se canceló una tarea."
"2026-05-25 12:35:04","Modulo Simulacion","simulation-service","http://localhost:9990/health/ready","500","381","0","20078,1","False","Se canceló una tarea."
"2026-05-25 12:35:04","Modulo Simulacion","simulation-service","http://localhost:9990/health/ready","500","382","0","20077,92","False","Se canceló una tarea."
"2026-05-25 12:35:04","Modulo Simulacion","simulation-service","http://localhost:9990/health/ready","500","383","0","20077,65","False","Se canceló una tarea."
"2026-05-25 12:35:04","Modulo Simulacion","simulation-service","http://localhost:9990/health/ready","500","384","0","20077,15","False","Se canceló una tarea."
"2026-05-25 12:35:04","Modulo Simulacion","simulation-service","http://localhost:9990/health/ready","500","385","0","20077,38","False","Se canceló una tarea."
"2026-05-25 12:35:04","Modulo Simulacion","simulation-service","http://localhost:9990/health/ready","500","386","0","20074,88","False","Se canceló una tarea."
"2026-05-25 12:35:04","Modulo Simulacion","simulation-service","http://localhost:9990/health/ready","500","387","0","20074,58","False","Se canceló una tarea."
"2026-05-25 12:35:04","Modulo Simulacion","simulation-service","http://localhost:9990/health/ready","500","388","0","20075,14","False","Se canceló una tarea."
"2026-05-25 12:35:04","Modulo Simulacion","simulation-service","http://localhost:9990/health/ready","500","389","0","20073,85","False","Se canceló una tarea."
"2026-05-25 12:35:04","Modulo Simulacion","simulation-service","http://localhost:9990/health/ready","500","390","0","20073,8","False","Se canceló una tarea."
"2026-05-25 12:35:04","Modulo Simulacion","simulation-service","http://localhost:9990/health/ready","500","391","0","20073,32","False","Se canceló una tarea."
"2026-05-25 12:35:04","Modulo Simulacion","simulation-service","http://localhost:9990/health/ready","500","392","0","20073,01","False","Se canceló una tarea."
"2026-05-25 12:35:04","Modulo Simulacion","simulation-service","http://localhost:9990/health/ready","500","393","0","20073,14","False","Se canceló una tarea."
"2026-05-25 12:35:04","Modulo Simulacion","simulation-service","http://localhost:9990/health/ready","500","394","0","20074,02","False","Se canceló una tarea."
"2026-05-25 12:35:04","Modulo Simulacion","simulation-service","http://localhost:9990/health/ready","500","395","0","20070,19","False","Se canceló una tarea."
"2026-05-25 12:35:04","Modulo Simulacion","simulation-service","http://localhost:9990/health/ready","500","396","0","20074,17","False","Se canceló una tarea."
"2026-05-25 12:35:04","Modulo Simulacion","simulation-service","http://localhost:9990/health/ready","500","397","0","20072,55","False","Se canceló una tarea."
"2026-05-25 12:35:04","Modulo Simulacion","simulation-service","http://localhost:9990/health/ready","500","398","0","20069,37","False","Se canceló una tarea."
"2026-05-25 12:35:04","Modulo Simulacion","simulation-service","http://localhost:9990/health/ready","500","399","0","20074,2","False","Se canceló una tarea."
"2026-05-25 12:35:04","Modulo Simulacion","simulation-service","http://localhost:9990/health/ready","500","400","0","20067,1","False","Se canceló una tarea."
"2026-05-25 12:35:04","Modulo Simulacion","simulation-service","http://localhost:9990/health/ready","500","401","0","20068,46","False","Se canceló una tarea."
"2026-05-25 12:35:04","Modulo Simulacion","simulation-service","http://localhost:9990/health/ready","500","402","0","20073,13","False","Se canceló una tarea."
"2026-05-25 12:35:04","Modulo Simulacion","simulation-service","http://localhost:9990/health/ready","500","403","0","20068,63","False","Se canceló una tarea."
"2026-05-25 12:35:04","Modulo Simulacion","simulation-service","http://localhost:9990/health/ready","500","404","0","20068,44","False","Se canceló una tarea."
"2026-05-25 12:35:04","Modulo Simulacion","simulation-service","http://localhost:9990/health/ready","500","405","0","20068,25","False","Se canceló una tarea."
"2026-05-25 12:35:04","Modulo Simulacion","simulation-service","http://localhost:9990/health/ready","500","406","0","20069,08","False","Se canceló una tarea."
"2026-05-25 12:35:04","Modulo Simulacion","simulation-service","http://localhost:9990/health/ready","500","407","0","20066,91","False","Se canceló una tarea."
"2026-05-25 12:35:04","Modulo Simulacion","simulation-service","http://localhost:9990/health/ready","500","408","0","20070,89","False","Se canceló una tarea."
"2026-05-25 12:35:04","Modulo Simulacion","simulation-service","http://localhost:9990/health/ready","500","409","0","20065,21","False","Se canceló una tarea."
"2026-05-25 12:35:04","Modulo Simulacion","simulation-service","http://localhost:9990/health/ready","500","410","0","20064,25","False","Se canceló una tarea."
"2026-05-25 12:35:04","Modulo Simulacion","simulation-service","http://localhost:9990/health/ready","500","411","0","20033,47","False","Se canceló una tarea."
"2026-05-25 12:35:04","Modulo Simulacion","simulation-service","http://localhost:9990/health/ready","500","412","0","20031,78","False","Se canceló una tarea."
"2026-05-25 12:35:04","Modulo Simulacion","simulation-service","http://localhost:9990/health/ready","500","413","0","20033,11","False","Se canceló una tarea."
"2026-05-25 12:35:04","Modulo Simulacion","simulation-service","http://localhost:9990/health/ready","500","414","0","20070,45","False","Se canceló una tarea."
"2026-05-25 12:35:04","Modulo Simulacion","simulation-service","http://localhost:9990/health/ready","500","415","0","20063,32","False","Se canceló una tarea."
"2026-05-25 12:35:04","Modulo Simulacion","simulation-service","http://localhost:9990/health/ready","500","416","0","20032,26","False","Se canceló una tarea."
"2026-05-25 12:35:04","Modulo Simulacion","simulation-service","http://localhost:9990/health/ready","500","417","0","20031,79","False","Se canceló una tarea."
"2026-05-25 12:35:04","Modulo Simulacion","simulation-service","http://localhost:9990/health/ready","500","418","0","20031,81","False","Se canceló una tarea."
"2026-05-25 12:35:04","Modulo Simulacion","simulation-service","http://localhost:9990/health/ready","500","419","0","20031,79","False","Se canceló una tarea."
"2026-05-25 12:35:04","Modulo Simulacion","simulation-service","http://localhost:9990/health/ready","500","420","0","20062,7","False","Se canceló una tarea."
"2026-05-25 12:35:04","Modulo Simulacion","simulation-service","http://localhost:9990/health/ready","500","421","0","20029,41","False","Se canceló una tarea."
"2026-05-25 12:35:04","Modulo Simulacion","simulation-service","http://localhost:9990/health/ready","500","422","0","20028,76","False","Se canceló una tarea."
"2026-05-25 12:35:04","Modulo Simulacion","simulation-service","http://localhost:9990/health/ready","500","423","0","20028,4","False","Se canceló una tarea."
"2026-05-25 12:35:04","Modulo Simulacion","simulation-service","http://localhost:9990/health/ready","500","424","0","20028,4","False","Se canceló una tarea."
"2026-05-25 12:35:04","Modulo Simulacion","simulation-service","http://localhost:9990/health/ready","500","425","0","20028,11","False","Se canceló una tarea."
"2026-05-25 12:35:04","Modulo Simulacion","simulation-service","http://localhost:9990/health/ready","500","426","0","20028,21","False","Se canceló una tarea."
"2026-05-25 12:35:04","Modulo Simulacion","simulation-service","http://localhost:9990/health/ready","500","427","0","20027,39","False","Se canceló una tarea."
"2026-05-25 12:35:04","Modulo Simulacion","simulation-service","http://localhost:9990/health/ready","500","428","0","20027,35","False","Se canceló una tarea."
"2026-05-25 12:35:04","Modulo Simulacion","simulation-service","http://localhost:9990/health/ready","500","429","0","20058,82","False","Se canceló una tarea."
"2026-05-25 12:35:04","Modulo Simulacion","simulation-service","http://localhost:9990/health/ready","500","430","0","20065,39","False","Se canceló una tarea."
"2026-05-25 12:35:04","Modulo Simulacion","simulation-service","http://localhost:9990/health/ready","500","431","0","20026,14","False","Se canceló una tarea."
"2026-05-25 12:35:04","Modulo Simulacion","simulation-service","http://localhost:9990/health/ready","500","432","0","20025,98","False","Se canceló una tarea."
"2026-05-25 12:35:04","Modulo Simulacion","simulation-service","http://localhost:9990/health/ready","500","433","0","20025,3","False","Se canceló una tarea."
"2026-05-25 12:35:04","Modulo Simulacion","simulation-service","http://localhost:9990/health/ready","500","434","0","20061,05","False","Se canceló una tarea."
"2026-05-25 12:35:04","Modulo Simulacion","simulation-service","http://localhost:9990/health/ready","500","435","0","20024,86","False","Se canceló una tarea."
"2026-05-25 12:35:04","Modulo Simulacion","simulation-service","http://localhost:9990/health/ready","500","436","0","20024,14","False","Se canceló una tarea."
"2026-05-25 12:35:04","Modulo Simulacion","simulation-service","http://localhost:9990/health/ready","500","437","0","20063","False","Se canceló una tarea."
"2026-05-25 12:35:04","Modulo Simulacion","simulation-service","http://localhost:9990/health/ready","500","438","0","20062,63","False","Se canceló una tarea."
"2026-05-25 12:35:04","Modulo Simulacion","simulation-service","http://localhost:9990/health/ready","500","439","0","20022,19","False","Se canceló una tarea."
"2026-05-25 12:35:04","Modulo Simulacion","simulation-service","http://localhost:9990/health/ready","500","440","0","20055,8","False","Se canceló una tarea."
"2026-05-25 12:35:04","Modulo Simulacion","simulation-service","http://localhost:9990/health/ready","500","441","0","20020,74","False","Se canceló una tarea."
"2026-05-25 12:35:04","Modulo Simulacion","simulation-service","http://localhost:9990/health/ready","500","442","0","20022,78","False","Se canceló una tarea."
"2026-05-25 12:35:04","Modulo Simulacion","simulation-service","http://localhost:9990/health/ready","500","443","0","20020,49","False","Se canceló una tarea."
"2026-05-25 12:35:04","Modulo Simulacion","simulation-service","http://localhost:9990/health/ready","500","444","0","20020,45","False","Se canceló una tarea."
"2026-05-25 12:35:04","Modulo Simulacion","simulation-service","http://localhost:9990/health/ready","500","445","0","20020,75","False","Se canceló una tarea."
"2026-05-25 12:35:04","Modulo Simulacion","simulation-service","http://localhost:9990/health/ready","500","446","0","20019,52","False","Se canceló una tarea."
"2026-05-25 12:35:04","Modulo Simulacion","simulation-service","http://localhost:9990/health/ready","500","447","0","20018,22","False","Se canceló una tarea."
"2026-05-25 12:35:04","Modulo Simulacion","simulation-service","http://localhost:9990/health/ready","500","448","0","20018,07","False","Se canceló una tarea."
"2026-05-25 12:35:04","Modulo Simulacion","simulation-service","http://localhost:9990/health/ready","500","449","0","20017,94","False","Se canceló una tarea."
"2026-05-25 12:35:04","Modulo Simulacion","simulation-service","http://localhost:9990/health/ready","500","450","0","20016,86","False","Se canceló una tarea."
"2026-05-25 12:35:04","Modulo Simulacion","simulation-service","http://localhost:9990/health/ready","500","451","0","20016,21","False","Se canceló una tarea."
"2026-05-25 12:35:04","Modulo Simulacion","simulation-service","http://localhost:9990/health/ready","500","452","0","20018,08","False","Se canceló una tarea."
"2026-05-25 12:35:04","Modulo Simulacion","simulation-service","http://localhost:9990/health/ready","500","453","0","20017,5","False","Se canceló una tarea."
"2026-05-25 12:35:04","Modulo Simulacion","simulation-service","http://localhost:9990/health/ready","500","454","0","20014,62","False","Se canceló una tarea."
"2026-05-25 12:35:04","Modulo Simulacion","simulation-service","http://localhost:9990/health/ready","500","455","0","20015,94","False","Se canceló una tarea."
"2026-05-25 12:35:04","Modulo Simulacion","simulation-service","http://localhost:9990/health/ready","500","456","0","20014,7","False","Se canceló una tarea."
"2026-05-25 12:35:04","Modulo Simulacion","simulation-service","http://localhost:9990/health/ready","500","457","0","20014,72","False","Se canceló una tarea."
"2026-05-25 12:35:04","Modulo Simulacion","simulation-service","http://localhost:9990/health/ready","500","458","0","20013,48","False","Se canceló una tarea."
"2026-05-25 12:35:04","Modulo Simulacion","simulation-service","http://localhost:9990/health/ready","500","459","0","20013,42","False","Se canceló una tarea."
"2026-05-25 12:35:04","Modulo Simulacion","simulation-service","http://localhost:9990/health/ready","500","460","0","20013,06","False","Se canceló una tarea."
"2026-05-25 12:35:04","Modulo Simulacion","simulation-service","http://localhost:9990/health/ready","500","461","0","20011,86","False","Se canceló una tarea."
"2026-05-25 12:35:04","Modulo Simulacion","simulation-service","http://localhost:9990/health/ready","500","462","0","20011,59","False","Se canceló una tarea."
"2026-05-25 12:35:04","Modulo Simulacion","simulation-service","http://localhost:9990/health/ready","500","463","0","20017,71","False","Se canceló una tarea."
"2026-05-25 12:35:04","Modulo Simulacion","simulation-service","http://localhost:9990/health/ready","500","464","0","20011,12","False","Se canceló una tarea."
"2026-05-25 12:35:04","Modulo Simulacion","simulation-service","http://localhost:9990/health/ready","500","465","0","20010,4","False","Se canceló una tarea."
"2026-05-25 12:35:04","Modulo Simulacion","simulation-service","http://localhost:9990/health/ready","500","466","0","20010,37","False","Se canceló una tarea."
"2026-05-25 12:35:04","Modulo Simulacion","simulation-service","http://localhost:9990/health/ready","500","467","0","20011,07","False","Se canceló una tarea."
"2026-05-25 12:35:04","Modulo Simulacion","simulation-service","http://localhost:9990/health/ready","500","468","0","20010,96","False","Se canceló una tarea."
"2026-05-25 12:35:04","Modulo Simulacion","simulation-service","http://localhost:9990/health/ready","500","469","0","20009,44","False","Se canceló una tarea."
"2026-05-25 12:35:04","Modulo Simulacion","simulation-service","http://localhost:9990/health/ready","500","470","0","20007,94","False","Se canceló una tarea."
"2026-05-25 12:35:04","Modulo Simulacion","simulation-service","http://localhost:9990/health/ready","500","471","0","20011,58","False","Se canceló una tarea."
"2026-05-25 12:35:04","Modulo Simulacion","simulation-service","http://localhost:9990/health/ready","500","472","0","20007,84","False","Se canceló una tarea."
"2026-05-25 12:35:04","Modulo Simulacion","simulation-service","http://localhost:9990/health/ready","500","473","0","20008,03","False","Se canceló una tarea."
"2026-05-25 12:35:04","Modulo Simulacion","simulation-service","http://localhost:9990/health/ready","500","474","0","20011,22","False","Se canceló una tarea."
"2026-05-25 12:35:04","Modulo Simulacion","simulation-service","http://localhost:9990/health/ready","500","475","0","20006,89","False","Se canceló una tarea."
"2026-05-25 12:35:04","Modulo Simulacion","simulation-service","http://localhost:9990/health/ready","500","476","0","20006,59","False","Se canceló una tarea."
"2026-05-25 12:35:04","Modulo Simulacion","simulation-service","http://localhost:9990/health/ready","500","477","0","20006,65","False","Se canceló una tarea."
"2026-05-25 12:35:04","Modulo Simulacion","simulation-service","http://localhost:9990/health/ready","500","478","0","20006,28","False","Se canceló una tarea."
"2026-05-25 12:35:04","Modulo Simulacion","simulation-service","http://localhost:9990/health/ready","500","479","0","20006","False","Se canceló una tarea."
"2026-05-25 12:35:04","Modulo Simulacion","simulation-service","http://localhost:9990/health/ready","500","480","0","20005,08","False","Se canceló una tarea."
"2026-05-25 12:35:04","Modulo Simulacion","simulation-service","http://localhost:9990/health/ready","500","481","0","20005,07","False","Se canceló una tarea."
"2026-05-25 12:35:04","Modulo Simulacion","simulation-service","http://localhost:9990/health/ready","500","482","0","20008,68","False","Se canceló una tarea."
"2026-05-25 12:35:04","Modulo Simulacion","simulation-service","http://localhost:9990/health/ready","500","483","0","20002,81","False","Se canceló una tarea."
"2026-05-25 12:35:04","Modulo Simulacion","simulation-service","http://localhost:9990/health/ready","500","484","0","20001,98","False","Se canceló una tarea."
"2026-05-25 12:35:04","Modulo Simulacion","simulation-service","http://localhost:9990/health/ready","500","485","0","20003,57","False","Se canceló una tarea."
"2026-05-25 12:35:04","Modulo Simulacion","simulation-service","http://localhost:9990/health/ready","500","486","0","20002,41","False","Se canceló una tarea."
"2026-05-25 12:35:04","Modulo Simulacion","simulation-service","http://localhost:9990/health/ready","500","487","0","20007,15","False","Se canceló una tarea."
"2026-05-25 12:35:04","Modulo Simulacion","simulation-service","http://localhost:9990/health/ready","500","488","0","20003,67","False","Se canceló una tarea."
"2026-05-25 12:35:04","Modulo Simulacion","simulation-service","http://localhost:9990/health/ready","500","489","0","20005,87","False","Se canceló una tarea."
"2026-05-25 12:35:04","Modulo Simulacion","simulation-service","http://localhost:9990/health/ready","500","490","0","20003,47","False","Se canceló una tarea."
"2026-05-25 12:35:04","Modulo Simulacion","simulation-service","http://localhost:9990/health/ready","500","491","0","20002,36","False","Se canceló una tarea."
"2026-05-25 12:35:04","Modulo Simulacion","simulation-service","http://localhost:9990/health/ready","500","492","0","20001,96","False","Se canceló una tarea."
"2026-05-25 12:35:04","Modulo Simulacion","simulation-service","http://localhost:9990/health/ready","500","493","0","20010,32","False","Se canceló una tarea."
"2026-05-25 12:35:04","Modulo Simulacion","simulation-service","http://localhost:9990/health/ready","500","494","0","20048,76","False","Se canceló una tarea."
"2026-05-25 12:35:04","Modulo Simulacion","simulation-service","http://localhost:9990/health/ready","500","495","0","20048,54","False","Se canceló una tarea."
"2026-05-25 12:35:04","Modulo Simulacion","simulation-service","http://localhost:9990/health/ready","500","496","0","20046,94","False","Se canceló una tarea."
"2026-05-25 12:35:04","Modulo Simulacion","simulation-service","http://localhost:9990/health/ready","500","497","0","20046,99","False","Se canceló una tarea."
"2026-05-25 12:35:04","Modulo Simulacion","simulation-service","http://localhost:9990/health/ready","500","498","0","20045,58","False","Se canceló una tarea."
"2026-05-25 12:35:04","Modulo Simulacion","simulation-service","http://localhost:9990/health/ready","500","499","0","20046,72","False","Se canceló una tarea."
"2026-05-25 12:35:04","Modulo Simulacion","simulation-service","http://localhost:9990/health/ready","500","500","0","20040,37","False","Se canceló una tarea."
"2026-05-25 12:35:24","Modulo Recomendaciones","recommendation-service","http://localhost:8083/api/recommendations/user/1","500","1","200","1068,98","True",""
"2026-05-25 12:35:24","Modulo Recomendaciones","recommendation-service","http://localhost:8083/api/recommendations/user/1","500","2","200","1057,08","True",""
"2026-05-25 12:35:24","Modulo Recomendaciones","recommendation-service","http://localhost:8083/api/recommendations/user/1","500","3","200","1052,82","True",""
"2026-05-25 12:35:24","Modulo Recomendaciones","recommendation-service","http://localhost:8083/api/recommendations/user/1","500","4","200","1068,98","True",""
"2026-05-25 12:35:24","Modulo Recomendaciones","recommendation-service","http://localhost:8083/api/recommendations/user/1","500","5","200","1055,61","True",""
"2026-05-25 12:35:24","Modulo Recomendaciones","recommendation-service","http://localhost:8083/api/recommendations/user/1","500","6","200","1064,38","True",""
"2026-05-25 12:35:24","Modulo Recomendaciones","recommendation-service","http://localhost:8083/api/recommendations/user/1","500","7","200","1157,45","True",""
"2026-05-25 12:35:24","Modulo Recomendaciones","recommendation-service","http://localhost:8083/api/recommendations/user/1","500","8","200","1064,38","True",""
"2026-05-25 12:35:24","Modulo Recomendaciones","recommendation-service","http://localhost:8083/api/recommendations/user/1","500","9","200","1157,27","True",""
"2026-05-25 12:35:24","Modulo Recomendaciones","recommendation-service","http://localhost:8083/api/recommendations/user/1","500","10","200","1053,85","True",""
"2026-05-25 12:35:24","Modulo Recomendaciones","recommendation-service","http://localhost:8083/api/recommendations/user/1","500","11","200","1065,32","True",""
"2026-05-25 12:35:24","Modulo Recomendaciones","recommendation-service","http://localhost:8083/api/recommendations/user/1","500","12","200","1063,07","True",""
"2026-05-25 12:35:24","Modulo Recomendaciones","recommendation-service","http://localhost:8083/api/recommendations/user/1","500","13","200","1301,5","True",""
"2026-05-25 12:35:24","Modulo Recomendaciones","recommendation-service","http://localhost:8083/api/recommendations/user/1","500","14","200","1164,14","True",""
"2026-05-25 12:35:24","Modulo Recomendaciones","recommendation-service","http://localhost:8083/api/recommendations/user/1","500","15","200","1066,03","True",""
"2026-05-25 12:35:24","Modulo Recomendaciones","recommendation-service","http://localhost:8083/api/recommendations/user/1","500","16","200","1058,46","True",""
"2026-05-25 12:35:24","Modulo Recomendaciones","recommendation-service","http://localhost:8083/api/recommendations/user/1","500","17","200","1054,35","True",""
"2026-05-25 12:35:24","Modulo Recomendaciones","recommendation-service","http://localhost:8083/api/recommendations/user/1","500","18","200","1046,95","True",""
"2026-05-25 12:35:24","Modulo Recomendaciones","recommendation-service","http://localhost:8083/api/recommendations/user/1","500","19","200","1064,16","True",""
"2026-05-25 12:35:24","Modulo Recomendaciones","recommendation-service","http://localhost:8083/api/recommendations/user/1","500","20","200","1053,9","True",""
"2026-05-25 12:35:24","Modulo Recomendaciones","recommendation-service","http://localhost:8083/api/recommendations/user/1","500","21","200","1057,7","True",""
"2026-05-25 12:35:24","Modulo Recomendaciones","recommendation-service","http://localhost:8083/api/recommendations/user/1","500","22","200","1048,54","True",""
"2026-05-25 12:35:24","Modulo Recomendaciones","recommendation-service","http://localhost:8083/api/recommendations/user/1","500","23","200","1053,34","True",""
"2026-05-25 12:35:24","Modulo Recomendaciones","recommendation-service","http://localhost:8083/api/recommendations/user/1","500","24","200","1051,44","True",""
"2026-05-25 12:35:24","Modulo Recomendaciones","recommendation-service","http://localhost:8083/api/recommendations/user/1","500","25","200","1058,67","True",""
"2026-05-25 12:35:24","Modulo Recomendaciones","recommendation-service","http://localhost:8083/api/recommendations/user/1","500","26","200","1049,73","True",""
"2026-05-25 12:35:24","Modulo Recomendaciones","recommendation-service","http://localhost:8083/api/recommendations/user/1","500","27","200","1050,67","True",""
"2026-05-25 12:35:24","Modulo Recomendaciones","recommendation-service","http://localhost:8083/api/recommendations/user/1","500","28","200","1059,51","True",""
"2026-05-25 12:35:24","Modulo Recomendaciones","recommendation-service","http://localhost:8083/api/recommendations/user/1","500","29","200","1296,65","True",""
"2026-05-25 12:35:24","Modulo Recomendaciones","recommendation-service","http://localhost:8083/api/recommendations/user/1","500","30","200","1210,96","True",""
"2026-05-25 12:35:24","Modulo Recomendaciones","recommendation-service","http://localhost:8083/api/recommendations/user/1","500","31","200","1053,01","True",""
"2026-05-25 12:35:24","Modulo Recomendaciones","recommendation-service","http://localhost:8083/api/recommendations/user/1","500","32","200","1049,49","True",""
"2026-05-25 12:35:24","Modulo Recomendaciones","recommendation-service","http://localhost:8083/api/recommendations/user/1","500","33","200","1053,45","True",""
"2026-05-25 12:35:24","Modulo Recomendaciones","recommendation-service","http://localhost:8083/api/recommendations/user/1","500","34","200","1050,94","True",""
"2026-05-25 12:35:24","Modulo Recomendaciones","recommendation-service","http://localhost:8083/api/recommendations/user/1","500","35","200","1058,21","True",""
"2026-05-25 12:35:24","Modulo Recomendaciones","recommendation-service","http://localhost:8083/api/recommendations/user/1","500","36","200","1054,23","True",""
"2026-05-25 12:35:24","Modulo Recomendaciones","recommendation-service","http://localhost:8083/api/recommendations/user/1","500","37","200","1055,83","True",""
"2026-05-25 12:35:24","Modulo Recomendaciones","recommendation-service","http://localhost:8083/api/recommendations/user/1","500","38","200","1062,01","True",""
"2026-05-25 12:35:24","Modulo Recomendaciones","recommendation-service","http://localhost:8083/api/recommendations/user/1","500","39","200","1073,65","True",""
"2026-05-25 12:35:24","Modulo Recomendaciones","recommendation-service","http://localhost:8083/api/recommendations/user/1","500","40","200","1059,95","True",""
"2026-05-25 12:35:24","Modulo Recomendaciones","recommendation-service","http://localhost:8083/api/recommendations/user/1","500","41","200","1043,71","True",""
"2026-05-25 12:35:24","Modulo Recomendaciones","recommendation-service","http://localhost:8083/api/recommendations/user/1","500","42","200","1282,13","True",""
"2026-05-25 12:35:24","Modulo Recomendaciones","recommendation-service","http://localhost:8083/api/recommendations/user/1","500","43","200","1060,65","True",""
"2026-05-25 12:35:24","Modulo Recomendaciones","recommendation-service","http://localhost:8083/api/recommendations/user/1","500","44","200","1081,13","True",""
"2026-05-25 12:35:24","Modulo Recomendaciones","recommendation-service","http://localhost:8083/api/recommendations/user/1","500","45","200","1147,6","True",""
"2026-05-25 12:35:24","Modulo Recomendaciones","recommendation-service","http://localhost:8083/api/recommendations/user/1","500","46","200","1170,43","True",""
"2026-05-25 12:35:24","Modulo Recomendaciones","recommendation-service","http://localhost:8083/api/recommendations/user/1","500","47","200","1047,2","True",""
"2026-05-25 12:35:24","Modulo Recomendaciones","recommendation-service","http://localhost:8083/api/recommendations/user/1","500","48","200","1064,52","True",""
"2026-05-25 12:35:24","Modulo Recomendaciones","recommendation-service","http://localhost:8083/api/recommendations/user/1","500","49","200","1166,91","True",""
"2026-05-25 12:35:24","Modulo Recomendaciones","recommendation-service","http://localhost:8083/api/recommendations/user/1","500","50","200","1269,63","True",""
"2026-05-25 12:35:24","Modulo Recomendaciones","recommendation-service","http://localhost:8083/api/recommendations/user/1","500","51","200","1146,4","True",""
"2026-05-25 12:35:24","Modulo Recomendaciones","recommendation-service","http://localhost:8083/api/recommendations/user/1","500","52","200","1146,24","True",""
"2026-05-25 12:35:24","Modulo Recomendaciones","recommendation-service","http://localhost:8083/api/recommendations/user/1","500","53","200","1151,52","True",""
"2026-05-25 12:35:24","Modulo Recomendaciones","recommendation-service","http://localhost:8083/api/recommendations/user/1","500","54","200","1189,81","True",""
"2026-05-25 12:35:24","Modulo Recomendaciones","recommendation-service","http://localhost:8083/api/recommendations/user/1","500","55","200","1145,76","True",""
"2026-05-25 12:35:24","Modulo Recomendaciones","recommendation-service","http://localhost:8083/api/recommendations/user/1","500","56","200","1041,35","True",""
"2026-05-25 12:35:24","Modulo Recomendaciones","recommendation-service","http://localhost:8083/api/recommendations/user/1","500","57","200","1168,88","True",""
"2026-05-25 12:35:24","Modulo Recomendaciones","recommendation-service","http://localhost:8083/api/recommendations/user/1","500","58","200","1165,94","True",""
"2026-05-25 12:35:24","Modulo Recomendaciones","recommendation-service","http://localhost:8083/api/recommendations/user/1","500","59","200","1269,25","True",""
"2026-05-25 12:35:24","Modulo Recomendaciones","recommendation-service","http://localhost:8083/api/recommendations/user/1","500","60","200","1226,17","True",""
"2026-05-25 12:35:24","Modulo Recomendaciones","recommendation-service","http://localhost:8083/api/recommendations/user/1","500","61","200","1063,25","True",""
"2026-05-25 12:35:24","Modulo Recomendaciones","recommendation-service","http://localhost:8083/api/recommendations/user/1","500","62","200","1185,14","True",""
"2026-05-25 12:35:24","Modulo Recomendaciones","recommendation-service","http://localhost:8083/api/recommendations/user/1","500","63","200","1058,53","True",""
"2026-05-25 12:35:24","Modulo Recomendaciones","recommendation-service","http://localhost:8083/api/recommendations/user/1","500","64","200","1159,14","True",""
"2026-05-25 12:35:24","Modulo Recomendaciones","recommendation-service","http://localhost:8083/api/recommendations/user/1","500","65","200","1144,98","True",""
"2026-05-25 12:35:24","Modulo Recomendaciones","recommendation-service","http://localhost:8083/api/recommendations/user/1","500","66","200","1059,93","True",""
"2026-05-25 12:35:24","Modulo Recomendaciones","recommendation-service","http://localhost:8083/api/recommendations/user/1","500","67","200","1240,21","True",""
"2026-05-25 12:35:24","Modulo Recomendaciones","recommendation-service","http://localhost:8083/api/recommendations/user/1","500","68","200","1144,65","True",""
"2026-05-25 12:35:24","Modulo Recomendaciones","recommendation-service","http://localhost:8083/api/recommendations/user/1","500","69","200","1157,55","True",""
"2026-05-25 12:35:24","Modulo Recomendaciones","recommendation-service","http://localhost:8083/api/recommendations/user/1","500","70","200","1295,06","True",""
"2026-05-25 12:35:24","Modulo Recomendaciones","recommendation-service","http://localhost:8083/api/recommendations/user/1","500","71","200","1214,9","True",""
"2026-05-25 12:35:24","Modulo Recomendaciones","recommendation-service","http://localhost:8083/api/recommendations/user/1","500","72","200","1192,51","True",""
"2026-05-25 12:35:24","Modulo Recomendaciones","recommendation-service","http://localhost:8083/api/recommendations/user/1","500","73","200","1143,17","True",""
"2026-05-25 12:35:24","Modulo Recomendaciones","recommendation-service","http://localhost:8083/api/recommendations/user/1","500","74","200","1143,02","True",""
"2026-05-25 12:35:24","Modulo Recomendaciones","recommendation-service","http://localhost:8083/api/recommendations/user/1","500","75","200","1143,05","True",""
"2026-05-25 12:35:24","Modulo Recomendaciones","recommendation-service","http://localhost:8083/api/recommendations/user/1","500","76","200","1205,41","True",""
"2026-05-25 12:35:24","Modulo Recomendaciones","recommendation-service","http://localhost:8083/api/recommendations/user/1","500","77","200","1073,57","True",""
"2026-05-25 12:35:24","Modulo Recomendaciones","recommendation-service","http://localhost:8083/api/recommendations/user/1","500","78","200","1238,96","True",""
"2026-05-25 12:35:24","Modulo Recomendaciones","recommendation-service","http://localhost:8083/api/recommendations/user/1","500","79","200","1271,63","True",""
"2026-05-25 12:35:24","Modulo Recomendaciones","recommendation-service","http://localhost:8083/api/recommendations/user/1","500","80","200","1238,18","True",""
"2026-05-25 12:35:24","Modulo Recomendaciones","recommendation-service","http://localhost:8083/api/recommendations/user/1","500","81","200","1238,18","True",""
"2026-05-25 12:35:24","Modulo Recomendaciones","recommendation-service","http://localhost:8083/api/recommendations/user/1","500","82","200","1142,75","True",""
"2026-05-25 12:35:24","Modulo Recomendaciones","recommendation-service","http://localhost:8083/api/recommendations/user/1","500","83","200","1279,85","True",""
"2026-05-25 12:35:24","Modulo Recomendaciones","recommendation-service","http://localhost:8083/api/recommendations/user/1","500","84","200","1255,46","True",""
"2026-05-25 12:35:24","Modulo Recomendaciones","recommendation-service","http://localhost:8083/api/recommendations/user/1","500","85","200","1142,35","True",""
"2026-05-25 12:35:24","Modulo Recomendaciones","recommendation-service","http://localhost:8083/api/recommendations/user/1","500","86","200","1273,39","True",""
"2026-05-25 12:35:24","Modulo Recomendaciones","recommendation-service","http://localhost:8083/api/recommendations/user/1","500","87","200","1062,19","True",""
"2026-05-25 12:35:24","Modulo Recomendaciones","recommendation-service","http://localhost:8083/api/recommendations/user/1","500","88","200","1237,14","True",""
"2026-05-25 12:35:24","Modulo Recomendaciones","recommendation-service","http://localhost:8083/api/recommendations/user/1","500","89","200","1200,9","True",""
"2026-05-25 12:35:24","Modulo Recomendaciones","recommendation-service","http://localhost:8083/api/recommendations/user/1","500","90","200","1238,76","True",""
"2026-05-25 12:35:24","Modulo Recomendaciones","recommendation-service","http://localhost:8083/api/recommendations/user/1","500","91","200","1161,86","True",""
"2026-05-25 12:35:24","Modulo Recomendaciones","recommendation-service","http://localhost:8083/api/recommendations/user/1","500","92","200","1161,15","True",""
"2026-05-25 12:35:24","Modulo Recomendaciones","recommendation-service","http://localhost:8083/api/recommendations/user/1","500","93","200","1254,88","True",""
"2026-05-25 12:35:24","Modulo Recomendaciones","recommendation-service","http://localhost:8083/api/recommendations/user/1","500","94","200","1141,68","True",""
"2026-05-25 12:35:24","Modulo Recomendaciones","recommendation-service","http://localhost:8083/api/recommendations/user/1","500","95","200","1147,73","True",""
"2026-05-25 12:35:24","Modulo Recomendaciones","recommendation-service","http://localhost:8083/api/recommendations/user/1","500","96","200","1141,49","True",""
"2026-05-25 12:35:24","Modulo Recomendaciones","recommendation-service","http://localhost:8083/api/recommendations/user/1","500","97","200","1141,39","True",""
"2026-05-25 12:35:24","Modulo Recomendaciones","recommendation-service","http://localhost:8083/api/recommendations/user/1","500","98","200","1236,79","True",""
"2026-05-25 12:35:24","Modulo Recomendaciones","recommendation-service","http://localhost:8083/api/recommendations/user/1","500","99","200","1141,46","True",""
"2026-05-25 12:35:24","Modulo Recomendaciones","recommendation-service","http://localhost:8083/api/recommendations/user/1","500","100","200","1160,84","True",""
"2026-05-25 12:35:24","Modulo Recomendaciones","recommendation-service","http://localhost:8083/api/recommendations/user/1","500","101","200","1223,89","True",""
"2026-05-25 12:35:24","Modulo Recomendaciones","recommendation-service","http://localhost:8083/api/recommendations/user/1","500","102","200","1217,65","True",""
"2026-05-25 12:35:24","Modulo Recomendaciones","recommendation-service","http://localhost:8083/api/recommendations/user/1","500","103","200","1141,23","True",""
"2026-05-25 12:35:24","Modulo Recomendaciones","recommendation-service","http://localhost:8083/api/recommendations/user/1","500","104","200","1164,74","True",""
"2026-05-25 12:35:24","Modulo Recomendaciones","recommendation-service","http://localhost:8083/api/recommendations/user/1","500","105","200","1270,57","True",""
"2026-05-25 12:35:24","Modulo Recomendaciones","recommendation-service","http://localhost:8083/api/recommendations/user/1","500","106","200","1164,49","True",""
"2026-05-25 12:35:24","Modulo Recomendaciones","recommendation-service","http://localhost:8083/api/recommendations/user/1","500","107","200","1217,16","True",""
"2026-05-25 12:35:24","Modulo Recomendaciones","recommendation-service","http://localhost:8083/api/recommendations/user/1","500","108","200","1056,23","True",""
"2026-05-25 12:35:24","Modulo Recomendaciones","recommendation-service","http://localhost:8083/api/recommendations/user/1","500","109","200","1146,56","True",""
"2026-05-25 12:35:24","Modulo Recomendaciones","recommendation-service","http://localhost:8083/api/recommendations/user/1","500","110","200","1221,54","True",""
"2026-05-25 12:35:24","Modulo Recomendaciones","recommendation-service","http://localhost:8083/api/recommendations/user/1","500","111","200","1076,77","True",""
"2026-05-25 12:35:24","Modulo Recomendaciones","recommendation-service","http://localhost:8083/api/recommendations/user/1","500","112","200","1140,51","True",""
"2026-05-25 12:35:24","Modulo Recomendaciones","recommendation-service","http://localhost:8083/api/recommendations/user/1","500","113","200","1214,22","True",""
"2026-05-25 12:35:24","Modulo Recomendaciones","recommendation-service","http://localhost:8083/api/recommendations/user/1","500","114","200","1202,67","True",""
"2026-05-25 12:35:24","Modulo Recomendaciones","recommendation-service","http://localhost:8083/api/recommendations/user/1","500","115","200","1147,13","True",""
"2026-05-25 12:35:24","Modulo Recomendaciones","recommendation-service","http://localhost:8083/api/recommendations/user/1","500","116","200","1150,35","True",""
"2026-05-25 12:35:24","Modulo Recomendaciones","recommendation-service","http://localhost:8083/api/recommendations/user/1","500","117","200","1263,4","True",""
"2026-05-25 12:35:24","Modulo Recomendaciones","recommendation-service","http://localhost:8083/api/recommendations/user/1","500","118","200","1145,19","True",""
"2026-05-25 12:35:24","Modulo Recomendaciones","recommendation-service","http://localhost:8083/api/recommendations/user/1","500","119","200","1139,67","True",""
"2026-05-25 12:35:24","Modulo Recomendaciones","recommendation-service","http://localhost:8083/api/recommendations/user/1","500","120","200","1263,2","True",""
"2026-05-25 12:35:24","Modulo Recomendaciones","recommendation-service","http://localhost:8083/api/recommendations/user/1","500","121","200","1139,74","True",""
"2026-05-25 12:35:24","Modulo Recomendaciones","recommendation-service","http://localhost:8083/api/recommendations/user/1","500","122","200","1145,07","True",""
"2026-05-25 12:35:24","Modulo Recomendaciones","recommendation-service","http://localhost:8083/api/recommendations/user/1","500","123","200","1164,31","True",""
"2026-05-25 12:35:24","Modulo Recomendaciones","recommendation-service","http://localhost:8083/api/recommendations/user/1","500","124","200","1195,98","True",""
"2026-05-25 12:35:24","Modulo Recomendaciones","recommendation-service","http://localhost:8083/api/recommendations/user/1","500","125","200","1162,64","True",""
"2026-05-25 12:35:24","Modulo Recomendaciones","recommendation-service","http://localhost:8083/api/recommendations/user/1","500","126","200","1139,01","True",""
"2026-05-25 12:35:24","Modulo Recomendaciones","recommendation-service","http://localhost:8083/api/recommendations/user/1","500","127","200","1139,21","True",""
"2026-05-25 12:35:24","Modulo Recomendaciones","recommendation-service","http://localhost:8083/api/recommendations/user/1","500","128","200","1289,14","True",""
"2026-05-25 12:35:24","Modulo Recomendaciones","recommendation-service","http://localhost:8083/api/recommendations/user/1","500","129","200","1056,7","True",""
"2026-05-25 12:35:24","Modulo Recomendaciones","recommendation-service","http://localhost:8083/api/recommendations/user/1","500","130","200","1138,71","True",""
"2026-05-25 12:35:24","Modulo Recomendaciones","recommendation-service","http://localhost:8083/api/recommendations/user/1","500","131","200","1264,38","True",""
"2026-05-25 12:35:24","Modulo Recomendaciones","recommendation-service","http://localhost:8083/api/recommendations/user/1","500","132","200","1198,33","True",""
"2026-05-25 12:35:24","Modulo Recomendaciones","recommendation-service","http://localhost:8083/api/recommendations/user/1","500","133","200","1214,04","True",""
"2026-05-25 12:35:24","Modulo Recomendaciones","recommendation-service","http://localhost:8083/api/recommendations/user/1","500","134","200","1262,14","True",""
"2026-05-25 12:35:24","Modulo Recomendaciones","recommendation-service","http://localhost:8083/api/recommendations/user/1","500","135","200","1259,01","True",""
"2026-05-25 12:35:24","Modulo Recomendaciones","recommendation-service","http://localhost:8083/api/recommendations/user/1","500","136","200","1190,64","True",""
"2026-05-25 12:35:24","Modulo Recomendaciones","recommendation-service","http://localhost:8083/api/recommendations/user/1","500","137","200","1138,13","True",""
"2026-05-25 12:35:24","Modulo Recomendaciones","recommendation-service","http://localhost:8083/api/recommendations/user/1","500","138","200","1144,2","True",""
"2026-05-25 12:35:24","Modulo Recomendaciones","recommendation-service","http://localhost:8083/api/recommendations/user/1","500","139","200","1137,94","True",""
"2026-05-25 12:35:24","Modulo Recomendaciones","recommendation-service","http://localhost:8083/api/recommendations/user/1","500","140","200","1215,72","True",""
"2026-05-25 12:35:24","Modulo Recomendaciones","recommendation-service","http://localhost:8083/api/recommendations/user/1","500","141","200","1174,6","True",""
"2026-05-25 12:35:24","Modulo Recomendaciones","recommendation-service","http://localhost:8083/api/recommendations/user/1","500","142","200","1137,71","True",""
"2026-05-25 12:35:24","Modulo Recomendaciones","recommendation-service","http://localhost:8083/api/recommendations/user/1","500","143","200","1149,85","True",""
"2026-05-25 12:35:24","Modulo Recomendaciones","recommendation-service","http://localhost:8083/api/recommendations/user/1","500","144","200","1269,28","True",""
"2026-05-25 12:35:24","Modulo Recomendaciones","recommendation-service","http://localhost:8083/api/recommendations/user/1","500","145","200","1137,58","True",""
"2026-05-25 12:35:24","Modulo Recomendaciones","recommendation-service","http://localhost:8083/api/recommendations/user/1","500","146","200","1146,93","True",""
"2026-05-25 12:35:24","Modulo Recomendaciones","recommendation-service","http://localhost:8083/api/recommendations/user/1","500","147","200","1136,42","True",""
"2026-05-25 12:35:24","Modulo Recomendaciones","recommendation-service","http://localhost:8083/api/recommendations/user/1","500","148","200","1191,03","True",""
"2026-05-25 12:35:24","Modulo Recomendaciones","recommendation-service","http://localhost:8083/api/recommendations/user/1","500","149","200","1218,86","True",""
"2026-05-25 12:35:24","Modulo Recomendaciones","recommendation-service","http://localhost:8083/api/recommendations/user/1","500","150","200","1072,58","True",""
"2026-05-25 12:35:24","Modulo Recomendaciones","recommendation-service","http://localhost:8083/api/recommendations/user/1","500","151","200","1135,97","True",""
"2026-05-25 12:35:24","Modulo Recomendaciones","recommendation-service","http://localhost:8083/api/recommendations/user/1","500","152","200","1230,84","True",""
"2026-05-25 12:35:24","Modulo Recomendaciones","recommendation-service","http://localhost:8083/api/recommendations/user/1","500","153","200","1135,37","True",""
"2026-05-25 12:35:24","Modulo Recomendaciones","recommendation-service","http://localhost:8083/api/recommendations/user/1","500","154","200","1236,39","True",""
"2026-05-25 12:35:24","Modulo Recomendaciones","recommendation-service","http://localhost:8083/api/recommendations/user/1","500","155","200","1249,01","True",""
"2026-05-25 12:35:24","Modulo Recomendaciones","recommendation-service","http://localhost:8083/api/recommendations/user/1","500","156","200","1264,35","True",""
"2026-05-25 12:35:24","Modulo Recomendaciones","recommendation-service","http://localhost:8083/api/recommendations/user/1","500","157","200","1135,29","True",""
"2026-05-25 12:35:24","Modulo Recomendaciones","recommendation-service","http://localhost:8083/api/recommendations/user/1","500","158","200","1135,22","True",""
"2026-05-25 12:35:24","Modulo Recomendaciones","recommendation-service","http://localhost:8083/api/recommendations/user/1","500","159","200","1134,89","True",""
"2026-05-25 12:35:24","Modulo Recomendaciones","recommendation-service","http://localhost:8083/api/recommendations/user/1","500","160","200","1255,28","True",""
"2026-05-25 12:35:24","Modulo Recomendaciones","recommendation-service","http://localhost:8083/api/recommendations/user/1","500","161","200","1215,86","True",""
"2026-05-25 12:35:24","Modulo Recomendaciones","recommendation-service","http://localhost:8083/api/recommendations/user/1","500","162","200","1134,11","True",""
"2026-05-25 12:35:24","Modulo Recomendaciones","recommendation-service","http://localhost:8083/api/recommendations/user/1","500","163","200","1495,61","True",""
"2026-05-25 12:35:24","Modulo Recomendaciones","recommendation-service","http://localhost:8083/api/recommendations/user/1","500","164","200","1064,68","True",""
"2026-05-25 12:35:24","Modulo Recomendaciones","recommendation-service","http://localhost:8083/api/recommendations/user/1","500","165","200","1309,58","True",""
"2026-05-25 12:35:24","Modulo Recomendaciones","recommendation-service","http://localhost:8083/api/recommendations/user/1","500","166","200","1210,64","True",""
"2026-05-25 12:35:24","Modulo Recomendaciones","recommendation-service","http://localhost:8083/api/recommendations/user/1","500","167","200","1132,82","True",""
"2026-05-25 12:35:24","Modulo Recomendaciones","recommendation-service","http://localhost:8083/api/recommendations/user/1","500","168","200","1229,69","True",""
"2026-05-25 12:35:24","Modulo Recomendaciones","recommendation-service","http://localhost:8083/api/recommendations/user/1","500","169","200","1212,28","True",""
"2026-05-25 12:35:24","Modulo Recomendaciones","recommendation-service","http://localhost:8083/api/recommendations/user/1","500","170","200","1264,68","True",""
"2026-05-25 12:35:24","Modulo Recomendaciones","recommendation-service","http://localhost:8083/api/recommendations/user/1","500","171","200","1228,16","True",""
"2026-05-25 12:35:24","Modulo Recomendaciones","recommendation-service","http://localhost:8083/api/recommendations/user/1","500","172","200","1206,96","True",""
"2026-05-25 12:35:24","Modulo Recomendaciones","recommendation-service","http://localhost:8083/api/recommendations/user/1","500","173","200","1205,74","True",""
"2026-05-25 12:35:24","Modulo Recomendaciones","recommendation-service","http://localhost:8083/api/recommendations/user/1","500","174","200","1129,96","True",""
"2026-05-25 12:35:24","Modulo Recomendaciones","recommendation-service","http://localhost:8083/api/recommendations/user/1","500","175","200","1225,03","True",""
"2026-05-25 12:35:24","Modulo Recomendaciones","recommendation-service","http://localhost:8083/api/recommendations/user/1","500","176","200","1129,28","True",""
"2026-05-25 12:35:24","Modulo Recomendaciones","recommendation-service","http://localhost:8083/api/recommendations/user/1","500","177","200","1129,33","True",""
"2026-05-25 12:35:24","Modulo Recomendaciones","recommendation-service","http://localhost:8083/api/recommendations/user/1","500","178","200","1242,25","True",""
"2026-05-25 12:35:24","Modulo Recomendaciones","recommendation-service","http://localhost:8083/api/recommendations/user/1","500","179","200","1212,58","True",""
"2026-05-25 12:35:24","Modulo Recomendaciones","recommendation-service","http://localhost:8083/api/recommendations/user/1","500","180","200","1139,47","True",""
"2026-05-25 12:35:24","Modulo Recomendaciones","recommendation-service","http://localhost:8083/api/recommendations/user/1","500","181","200","1033,62","True",""
"2026-05-25 12:35:24","Modulo Recomendaciones","recommendation-service","http://localhost:8083/api/recommendations/user/1","500","182","200","1151,64","True",""
"2026-05-25 12:35:24","Modulo Recomendaciones","recommendation-service","http://localhost:8083/api/recommendations/user/1","500","183","200","1241,41","True",""
"2026-05-25 12:35:24","Modulo Recomendaciones","recommendation-service","http://localhost:8083/api/recommendations/user/1","500","184","200","1151,34","True",""
"2026-05-25 12:35:24","Modulo Recomendaciones","recommendation-service","http://localhost:8083/api/recommendations/user/1","500","185","200","1178,94","True",""
"2026-05-25 12:35:24","Modulo Recomendaciones","recommendation-service","http://localhost:8083/api/recommendations/user/1","500","186","200","1282,92","True",""
"2026-05-25 12:35:24","Modulo Recomendaciones","recommendation-service","http://localhost:8083/api/recommendations/user/1","500","187","200","1207,96","True",""
"2026-05-25 12:35:24","Modulo Recomendaciones","recommendation-service","http://localhost:8083/api/recommendations/user/1","500","188","200","1134,17","True",""
"2026-05-25 12:35:24","Modulo Recomendaciones","recommendation-service","http://localhost:8083/api/recommendations/user/1","500","189","200","1127,36","True",""
"2026-05-25 12:35:24","Modulo Recomendaciones","recommendation-service","http://localhost:8083/api/recommendations/user/1","500","190","200","1127,22","True",""
"2026-05-25 12:35:24","Modulo Recomendaciones","recommendation-service","http://localhost:8083/api/recommendations/user/1","500","191","200","1150,29","True",""
"2026-05-25 12:35:24","Modulo Recomendaciones","recommendation-service","http://localhost:8083/api/recommendations/user/1","500","192","200","1240,07","True",""
"2026-05-25 12:35:24","Modulo Recomendaciones","recommendation-service","http://localhost:8083/api/recommendations/user/1","500","193","200","1038,93","True",""
"2026-05-25 12:35:24","Modulo Recomendaciones","recommendation-service","http://localhost:8083/api/recommendations/user/1","500","194","200","1126,49","True",""
"2026-05-25 12:35:24","Modulo Recomendaciones","recommendation-service","http://localhost:8083/api/recommendations/user/1","500","195","200","1276,67","True",""
"2026-05-25 12:35:24","Modulo Recomendaciones","recommendation-service","http://localhost:8083/api/recommendations/user/1","500","196","200","1229,51","True",""
"2026-05-25 12:35:24","Modulo Recomendaciones","recommendation-service","http://localhost:8083/api/recommendations/user/1","500","197","200","1198,86","True",""
"2026-05-25 12:35:24","Modulo Recomendaciones","recommendation-service","http://localhost:8083/api/recommendations/user/1","500","198","200","1125,9","True",""
"2026-05-25 12:35:24","Modulo Recomendaciones","recommendation-service","http://localhost:8083/api/recommendations/user/1","500","199","200","1125,79","True",""
"2026-05-25 12:35:24","Modulo Recomendaciones","recommendation-service","http://localhost:8083/api/recommendations/user/1","500","200","200","1124,69","True",""
"2026-05-25 12:35:24","Modulo Recomendaciones","recommendation-service","http://localhost:8083/api/recommendations/user/1","500","201","200","1145,76","True",""
"2026-05-25 12:35:24","Modulo Recomendaciones","recommendation-service","http://localhost:8083/api/recommendations/user/1","500","202","200","1234,85","True",""
"2026-05-25 12:35:24","Modulo Recomendaciones","recommendation-service","http://localhost:8083/api/recommendations/user/1","500","203","200","1127,13","True",""
"2026-05-25 12:35:24","Modulo Recomendaciones","recommendation-service","http://localhost:8083/api/recommendations/user/1","500","204","200","1185,69","True",""
"2026-05-25 12:35:24","Modulo Recomendaciones","recommendation-service","http://localhost:8083/api/recommendations/user/1","500","205","200","1121,52","True",""
"2026-05-25 12:35:24","Modulo Recomendaciones","recommendation-service","http://localhost:8083/api/recommendations/user/1","500","206","200","1238,08","True",""
"2026-05-25 12:35:24","Modulo Recomendaciones","recommendation-service","http://localhost:8083/api/recommendations/user/1","500","207","200","1136,83","True",""
"2026-05-25 12:35:24","Modulo Recomendaciones","recommendation-service","http://localhost:8083/api/recommendations/user/1","500","208","200","1290,2","True",""
"2026-05-25 12:35:24","Modulo Recomendaciones","recommendation-service","http://localhost:8083/api/recommendations/user/1","500","209","200","1222,49","True",""
"2026-05-25 12:35:24","Modulo Recomendaciones","recommendation-service","http://localhost:8083/api/recommendations/user/1","500","210","200","1249,47","True",""
"2026-05-25 12:35:24","Modulo Recomendaciones","recommendation-service","http://localhost:8083/api/recommendations/user/1","500","211","200","1125,59","True",""
"2026-05-25 12:35:24","Modulo Recomendaciones","recommendation-service","http://localhost:8083/api/recommendations/user/1","500","212","200","1246,28","True",""
"2026-05-25 12:35:24","Modulo Recomendaciones","recommendation-service","http://localhost:8083/api/recommendations/user/1","500","213","200","1143,34","True",""
"2026-05-25 12:35:24","Modulo Recomendaciones","recommendation-service","http://localhost:8083/api/recommendations/user/1","500","214","200","1247,85","True",""
"2026-05-25 12:35:24","Modulo Recomendaciones","recommendation-service","http://localhost:8083/api/recommendations/user/1","500","215","200","1180,56","True",""
"2026-05-25 12:35:24","Modulo Recomendaciones","recommendation-service","http://localhost:8083/api/recommendations/user/1","500","216","200","1124,09","True",""
"2026-05-25 12:35:24","Modulo Recomendaciones","recommendation-service","http://localhost:8083/api/recommendations/user/1","500","217","200","1175,13","True",""
"2026-05-25 12:35:24","Modulo Recomendaciones","recommendation-service","http://localhost:8083/api/recommendations/user/1","500","218","200","1175,07","True",""
"2026-05-25 12:35:24","Modulo Recomendaciones","recommendation-service","http://localhost:8083/api/recommendations/user/1","500","219","200","1136,6","True",""
"2026-05-25 12:35:24","Modulo Recomendaciones","recommendation-service","http://localhost:8083/api/recommendations/user/1","500","220","200","1117,08","True",""
"2026-05-25 12:35:24","Modulo Recomendaciones","recommendation-service","http://localhost:8083/api/recommendations/user/1","500","221","200","1153,04","True",""
"2026-05-25 12:35:24","Modulo Recomendaciones","recommendation-service","http://localhost:8083/api/recommendations/user/1","500","222","200","1249,15","True",""
"2026-05-25 12:35:24","Modulo Recomendaciones","recommendation-service","http://localhost:8083/api/recommendations/user/1","500","223","200","1324,9","True",""
"2026-05-25 12:35:24","Modulo Recomendaciones","recommendation-service","http://localhost:8083/api/recommendations/user/1","500","224","200","1284,58","True",""
"2026-05-25 12:35:24","Modulo Recomendaciones","recommendation-service","http://localhost:8083/api/recommendations/user/1","500","225","200","1211,16","True",""
"2026-05-25 12:35:24","Modulo Recomendaciones","recommendation-service","http://localhost:8083/api/recommendations/user/1","500","226","200","1174,71","True",""
"2026-05-25 12:35:24","Modulo Recomendaciones","recommendation-service","http://localhost:8083/api/recommendations/user/1","500","227","200","1313,24","True",""
"2026-05-25 12:35:24","Modulo Recomendaciones","recommendation-service","http://localhost:8083/api/recommendations/user/1","500","228","200","1343,87","True",""
"2026-05-25 12:35:24","Modulo Recomendaciones","recommendation-service","http://localhost:8083/api/recommendations/user/1","500","229","200","1287,95","True",""
"2026-05-25 12:35:24","Modulo Recomendaciones","recommendation-service","http://localhost:8083/api/recommendations/user/1","500","230","200","1283,76","True",""
"2026-05-25 12:35:24","Modulo Recomendaciones","recommendation-service","http://localhost:8083/api/recommendations/user/1","500","231","200","1285,06","True",""
"2026-05-25 12:35:24","Modulo Recomendaciones","recommendation-service","http://localhost:8083/api/recommendations/user/1","500","232","200","1287,45","True",""
"2026-05-25 12:35:24","Modulo Recomendaciones","recommendation-service","http://localhost:8083/api/recommendations/user/1","500","233","200","1191,74","True",""
"2026-05-25 12:35:24","Modulo Recomendaciones","recommendation-service","http://localhost:8083/api/recommendations/user/1","500","234","200","1305,62","True",""
"2026-05-25 12:35:24","Modulo Recomendaciones","recommendation-service","http://localhost:8083/api/recommendations/user/1","500","235","200","1254,05","True",""
"2026-05-25 12:35:24","Modulo Recomendaciones","recommendation-service","http://localhost:8083/api/recommendations/user/1","500","236","200","1304,47","True",""
"2026-05-25 12:35:24","Modulo Recomendaciones","recommendation-service","http://localhost:8083/api/recommendations/user/1","500","237","200","1248,7","True",""
"2026-05-25 12:35:24","Modulo Recomendaciones","recommendation-service","http://localhost:8083/api/recommendations/user/1","500","238","200","1287,3","True",""
"2026-05-25 12:35:24","Modulo Recomendaciones","recommendation-service","http://localhost:8083/api/recommendations/user/1","500","239","200","1287,18","True",""
"2026-05-25 12:35:24","Modulo Recomendaciones","recommendation-service","http://localhost:8083/api/recommendations/user/1","500","240","200","1284","True",""
"2026-05-25 12:35:24","Modulo Recomendaciones","recommendation-service","http://localhost:8083/api/recommendations/user/1","500","241","200","1299,4","True",""
"2026-05-25 12:35:24","Modulo Recomendaciones","recommendation-service","http://localhost:8083/api/recommendations/user/1","500","242","200","1278,58","True",""
"2026-05-25 12:35:24","Modulo Recomendaciones","recommendation-service","http://localhost:8083/api/recommendations/user/1","500","243","200","1326,16","True",""
"2026-05-25 12:35:24","Modulo Recomendaciones","recommendation-service","http://localhost:8083/api/recommendations/user/1","500","244","200","1233,86","True",""
"2026-05-25 12:35:24","Modulo Recomendaciones","recommendation-service","http://localhost:8083/api/recommendations/user/1","500","245","200","1341,15","True",""
"2026-05-25 12:35:24","Modulo Recomendaciones","recommendation-service","http://localhost:8083/api/recommendations/user/1","500","246","200","1305,49","True",""
"2026-05-25 12:35:24","Modulo Recomendaciones","recommendation-service","http://localhost:8083/api/recommendations/user/1","500","247","200","1301,83","True",""
"2026-05-25 12:35:24","Modulo Recomendaciones","recommendation-service","http://localhost:8083/api/recommendations/user/1","500","248","200","1324,2","True",""
"2026-05-25 12:35:24","Modulo Recomendaciones","recommendation-service","http://localhost:8083/api/recommendations/user/1","500","249","200","1288,84","True",""
"2026-05-25 12:35:24","Modulo Recomendaciones","recommendation-service","http://localhost:8083/api/recommendations/user/1","500","250","200","1285,36","True",""
"2026-05-25 12:35:24","Modulo Recomendaciones","recommendation-service","http://localhost:8083/api/recommendations/user/1","500","251","200","1335,2","True",""
"2026-05-25 12:35:24","Modulo Recomendaciones","recommendation-service","http://localhost:8083/api/recommendations/user/1","500","252","200","1305,1","True",""
"2026-05-25 12:35:24","Modulo Recomendaciones","recommendation-service","http://localhost:8083/api/recommendations/user/1","500","253","200","1359,93","True",""
"2026-05-25 12:35:24","Modulo Recomendaciones","recommendation-service","http://localhost:8083/api/recommendations/user/1","500","254","200","1317,48","True",""
"2026-05-25 12:35:24","Modulo Recomendaciones","recommendation-service","http://localhost:8083/api/recommendations/user/1","500","255","200","1335,01","True",""
"2026-05-25 12:35:24","Modulo Recomendaciones","recommendation-service","http://localhost:8083/api/recommendations/user/1","500","256","200","1315,03","True",""
"2026-05-25 12:35:24","Modulo Recomendaciones","recommendation-service","http://localhost:8083/api/recommendations/user/1","500","257","200","1339,38","True",""
"2026-05-25 12:35:24","Modulo Recomendaciones","recommendation-service","http://localhost:8083/api/recommendations/user/1","500","258","200","1318,6","True",""
"2026-05-25 12:35:24","Modulo Recomendaciones","recommendation-service","http://localhost:8083/api/recommendations/user/1","500","259","200","1340,04","True",""
"2026-05-25 12:35:24","Modulo Recomendaciones","recommendation-service","http://localhost:8083/api/recommendations/user/1","500","260","200","1322,13","True",""
"2026-05-25 12:35:24","Modulo Recomendaciones","recommendation-service","http://localhost:8083/api/recommendations/user/1","500","261","200","1388,29","True",""
"2026-05-25 12:35:24","Modulo Recomendaciones","recommendation-service","http://localhost:8083/api/recommendations/user/1","500","262","200","1278,72","True",""
"2026-05-25 12:35:24","Modulo Recomendaciones","recommendation-service","http://localhost:8083/api/recommendations/user/1","500","263","200","1320,25","True",""
"2026-05-25 12:35:24","Modulo Recomendaciones","recommendation-service","http://localhost:8083/api/recommendations/user/1","500","264","200","1328,22","True",""
"2026-05-25 12:35:24","Modulo Recomendaciones","recommendation-service","http://localhost:8083/api/recommendations/user/1","500","265","200","1311,16","True",""
"2026-05-25 12:35:24","Modulo Recomendaciones","recommendation-service","http://localhost:8083/api/recommendations/user/1","500","266","200","1327,16","True",""
"2026-05-25 12:35:24","Modulo Recomendaciones","recommendation-service","http://localhost:8083/api/recommendations/user/1","500","267","200","1327,14","True",""
"2026-05-25 12:35:24","Modulo Recomendaciones","recommendation-service","http://localhost:8083/api/recommendations/user/1","500","268","200","1328,5","True",""
"2026-05-25 12:35:24","Modulo Recomendaciones","recommendation-service","http://localhost:8083/api/recommendations/user/1","500","269","200","1334,08","True",""
"2026-05-25 12:35:24","Modulo Recomendaciones","recommendation-service","http://localhost:8083/api/recommendations/user/1","500","270","200","1293,95","True",""
"2026-05-25 12:35:24","Modulo Recomendaciones","recommendation-service","http://localhost:8083/api/recommendations/user/1","500","271","200","1317,07","True",""
"2026-05-25 12:35:24","Modulo Recomendaciones","recommendation-service","http://localhost:8083/api/recommendations/user/1","500","272","200","1356,47","True",""
"2026-05-25 12:35:24","Modulo Recomendaciones","recommendation-service","http://localhost:8083/api/recommendations/user/1","500","273","200","1315,06","True",""
"2026-05-25 12:35:24","Modulo Recomendaciones","recommendation-service","http://localhost:8083/api/recommendations/user/1","500","274","200","1315,06","True",""
"2026-05-25 12:35:24","Modulo Recomendaciones","recommendation-service","http://localhost:8083/api/recommendations/user/1","500","275","200","1375,71","True",""
"2026-05-25 12:35:24","Modulo Recomendaciones","recommendation-service","http://localhost:8083/api/recommendations/user/1","500","276","200","1332,25","True",""
"2026-05-25 12:35:24","Modulo Recomendaciones","recommendation-service","http://localhost:8083/api/recommendations/user/1","500","277","200","1306,82","True",""
"2026-05-25 12:35:24","Modulo Recomendaciones","recommendation-service","http://localhost:8083/api/recommendations/user/1","500","278","200","1382,11","True",""
"2026-05-25 12:35:24","Modulo Recomendaciones","recommendation-service","http://localhost:8083/api/recommendations/user/1","500","279","200","1328,16","True",""
"2026-05-25 12:35:24","Modulo Recomendaciones","recommendation-service","http://localhost:8083/api/recommendations/user/1","500","280","200","1338,31","True",""
"2026-05-25 12:35:24","Modulo Recomendaciones","recommendation-service","http://localhost:8083/api/recommendations/user/1","500","281","200","1315,63","True",""
"2026-05-25 12:35:24","Modulo Recomendaciones","recommendation-service","http://localhost:8083/api/recommendations/user/1","500","282","200","1368,68","True",""
"2026-05-25 12:35:24","Modulo Recomendaciones","recommendation-service","http://localhost:8083/api/recommendations/user/1","500","283","200","1411,93","True",""
"2026-05-25 12:35:24","Modulo Recomendaciones","recommendation-service","http://localhost:8083/api/recommendations/user/1","500","284","200","1362,03","True",""
"2026-05-25 12:35:24","Modulo Recomendaciones","recommendation-service","http://localhost:8083/api/recommendations/user/1","500","285","200","1338,85","True",""
"2026-05-25 12:35:24","Modulo Recomendaciones","recommendation-service","http://localhost:8083/api/recommendations/user/1","500","286","200","1313,19","True",""
"2026-05-25 12:35:24","Modulo Recomendaciones","recommendation-service","http://localhost:8083/api/recommendations/user/1","500","287","200","1351,41","True",""
"2026-05-25 12:35:24","Modulo Recomendaciones","recommendation-service","http://localhost:8083/api/recommendations/user/1","500","288","200","1365,94","True",""
"2026-05-25 12:35:24","Modulo Recomendaciones","recommendation-service","http://localhost:8083/api/recommendations/user/1","500","289","200","1348,55","True",""
"2026-05-25 12:35:24","Modulo Recomendaciones","recommendation-service","http://localhost:8083/api/recommendations/user/1","500","290","200","1366,57","True",""
"2026-05-25 12:35:24","Modulo Recomendaciones","recommendation-service","http://localhost:8083/api/recommendations/user/1","500","291","200","1379,24","True",""
"2026-05-25 12:35:24","Modulo Recomendaciones","recommendation-service","http://localhost:8083/api/recommendations/user/1","500","292","200","1347,35","True",""
"2026-05-25 12:35:24","Modulo Recomendaciones","recommendation-service","http://localhost:8083/api/recommendations/user/1","500","293","200","1411,49","True",""
"2026-05-25 12:35:24","Modulo Recomendaciones","recommendation-service","http://localhost:8083/api/recommendations/user/1","500","294","200","1402,03","True",""
"2026-05-25 12:35:24","Modulo Recomendaciones","recommendation-service","http://localhost:8083/api/recommendations/user/1","500","295","200","1349,32","True",""
"2026-05-25 12:35:24","Modulo Recomendaciones","recommendation-service","http://localhost:8083/api/recommendations/user/1","500","296","200","1448,96","True",""
"2026-05-25 12:35:24","Modulo Recomendaciones","recommendation-service","http://localhost:8083/api/recommendations/user/1","500","297","200","1405,84","True",""
"2026-05-25 12:35:24","Modulo Recomendaciones","recommendation-service","http://localhost:8083/api/recommendations/user/1","500","298","200","1358,12","True",""
"2026-05-25 12:35:24","Modulo Recomendaciones","recommendation-service","http://localhost:8083/api/recommendations/user/1","500","299","200","1370,37","True",""
"2026-05-25 12:35:24","Modulo Recomendaciones","recommendation-service","http://localhost:8083/api/recommendations/user/1","500","300","200","1351,48","True",""
"2026-05-25 12:35:24","Modulo Recomendaciones","recommendation-service","http://localhost:8083/api/recommendations/user/1","500","301","200","1386,45","True",""
"2026-05-25 12:35:24","Modulo Recomendaciones","recommendation-service","http://localhost:8083/api/recommendations/user/1","500","302","200","1379,89","True",""
"2026-05-25 12:35:24","Modulo Recomendaciones","recommendation-service","http://localhost:8083/api/recommendations/user/1","500","303","200","1405,49","True",""
"2026-05-25 12:35:24","Modulo Recomendaciones","recommendation-service","http://localhost:8083/api/recommendations/user/1","500","304","200","1404,25","True",""
"2026-05-25 12:35:24","Modulo Recomendaciones","recommendation-service","http://localhost:8083/api/recommendations/user/1","500","305","200","1387,66","True",""
"2026-05-25 12:35:24","Modulo Recomendaciones","recommendation-service","http://localhost:8083/api/recommendations/user/1","500","306","200","1440,41","True",""
"2026-05-25 12:35:24","Modulo Recomendaciones","recommendation-service","http://localhost:8083/api/recommendations/user/1","500","307","200","1452,68","True",""
"2026-05-25 12:35:24","Modulo Recomendaciones","recommendation-service","http://localhost:8083/api/recommendations/user/1","500","308","200","1447,98","True",""
"2026-05-25 12:35:24","Modulo Recomendaciones","recommendation-service","http://localhost:8083/api/recommendations/user/1","500","309","200","1453,76","True",""
"2026-05-25 12:35:24","Modulo Recomendaciones","recommendation-service","http://localhost:8083/api/recommendations/user/1","500","310","200","1404,65","True",""
"2026-05-25 12:35:24","Modulo Recomendaciones","recommendation-service","http://localhost:8083/api/recommendations/user/1","500","311","200","1410,91","True",""
"2026-05-25 12:35:24","Modulo Recomendaciones","recommendation-service","http://localhost:8083/api/recommendations/user/1","500","312","200","1509,77","True",""
"2026-05-25 12:35:24","Modulo Recomendaciones","recommendation-service","http://localhost:8083/api/recommendations/user/1","500","313","200","1410,9","True",""
"2026-05-25 12:35:24","Modulo Recomendaciones","recommendation-service","http://localhost:8083/api/recommendations/user/1","500","314","200","1469,15","True",""
"2026-05-25 12:35:24","Modulo Recomendaciones","recommendation-service","http://localhost:8083/api/recommendations/user/1","500","315","200","1487,3","True",""
"2026-05-25 12:35:24","Modulo Recomendaciones","recommendation-service","http://localhost:8083/api/recommendations/user/1","500","316","200","1468,82","True",""
"2026-05-25 12:35:24","Modulo Recomendaciones","recommendation-service","http://localhost:8083/api/recommendations/user/1","500","317","200","1401,25","True",""
"2026-05-25 12:35:24","Modulo Recomendaciones","recommendation-service","http://localhost:8083/api/recommendations/user/1","500","318","200","1414,39","True",""
"2026-05-25 12:35:24","Modulo Recomendaciones","recommendation-service","http://localhost:8083/api/recommendations/user/1","500","319","200","1424,93","True",""
"2026-05-25 12:35:24","Modulo Recomendaciones","recommendation-service","http://localhost:8083/api/recommendations/user/1","500","320","200","1408,99","True",""
"2026-05-25 12:35:24","Modulo Recomendaciones","recommendation-service","http://localhost:8083/api/recommendations/user/1","500","321","200","1435,64","True",""
"2026-05-25 12:35:24","Modulo Recomendaciones","recommendation-service","http://localhost:8083/api/recommendations/user/1","500","322","200","1409,3","True",""
"2026-05-25 12:35:24","Modulo Recomendaciones","recommendation-service","http://localhost:8083/api/recommendations/user/1","500","323","200","1422,72","True",""
"2026-05-25 12:35:24","Modulo Recomendaciones","recommendation-service","http://localhost:8083/api/recommendations/user/1","500","324","200","1441,76","True",""
"2026-05-25 12:35:24","Modulo Recomendaciones","recommendation-service","http://localhost:8083/api/recommendations/user/1","500","325","200","1476,55","True",""
"2026-05-25 12:35:24","Modulo Recomendaciones","recommendation-service","http://localhost:8083/api/recommendations/user/1","500","326","200","1446,12","True",""
"2026-05-25 12:35:24","Modulo Recomendaciones","recommendation-service","http://localhost:8083/api/recommendations/user/1","500","327","200","1443,18","True",""
"2026-05-25 12:35:24","Modulo Recomendaciones","recommendation-service","http://localhost:8083/api/recommendations/user/1","500","328","200","1442,11","True",""
"2026-05-25 12:35:24","Modulo Recomendaciones","recommendation-service","http://localhost:8083/api/recommendations/user/1","500","329","200","1505,69","True",""
"2026-05-25 12:35:24","Modulo Recomendaciones","recommendation-service","http://localhost:8083/api/recommendations/user/1","500","330","200","1479,61","True",""
"2026-05-25 12:35:24","Modulo Recomendaciones","recommendation-service","http://localhost:8083/api/recommendations/user/1","500","331","200","1467,56","True",""
"2026-05-25 12:35:24","Modulo Recomendaciones","recommendation-service","http://localhost:8083/api/recommendations/user/1","500","332","200","1449,24","True",""
"2026-05-25 12:35:24","Modulo Recomendaciones","recommendation-service","http://localhost:8083/api/recommendations/user/1","500","333","200","1576,85","True",""
"2026-05-25 12:35:24","Modulo Recomendaciones","recommendation-service","http://localhost:8083/api/recommendations/user/1","500","334","200","1461,83","True",""
"2026-05-25 12:35:24","Modulo Recomendaciones","recommendation-service","http://localhost:8083/api/recommendations/user/1","500","335","200","1478,97","True",""
"2026-05-25 12:35:24","Modulo Recomendaciones","recommendation-service","http://localhost:8083/api/recommendations/user/1","500","336","200","1475,88","True",""
"2026-05-25 12:35:24","Modulo Recomendaciones","recommendation-service","http://localhost:8083/api/recommendations/user/1","500","337","200","1524,86","True",""
"2026-05-25 12:35:24","Modulo Recomendaciones","recommendation-service","http://localhost:8083/api/recommendations/user/1","500","338","200","1458,13","True",""
"2026-05-25 12:35:24","Modulo Recomendaciones","recommendation-service","http://localhost:8083/api/recommendations/user/1","500","339","200","1470,85","True",""
"2026-05-25 12:35:24","Modulo Recomendaciones","recommendation-service","http://localhost:8083/api/recommendations/user/1","500","340","200","1527,54","True",""
"2026-05-25 12:35:24","Modulo Recomendaciones","recommendation-service","http://localhost:8083/api/recommendations/user/1","500","341","200","1581,06","True",""
"2026-05-25 12:35:24","Modulo Recomendaciones","recommendation-service","http://localhost:8083/api/recommendations/user/1","500","342","200","1600,58","True",""
"2026-05-25 12:35:24","Modulo Recomendaciones","recommendation-service","http://localhost:8083/api/recommendations/user/1","500","343","200","1456,03","True",""
"2026-05-25 12:35:24","Modulo Recomendaciones","recommendation-service","http://localhost:8083/api/recommendations/user/1","500","344","200","1474,74","True",""
"2026-05-25 12:35:24","Modulo Recomendaciones","recommendation-service","http://localhost:8083/api/recommendations/user/1","500","345","200","1485,9","True",""
"2026-05-25 12:35:24","Modulo Recomendaciones","recommendation-service","http://localhost:8083/api/recommendations/user/1","500","346","200","1469,77","True",""
"2026-05-25 12:35:24","Modulo Recomendaciones","recommendation-service","http://localhost:8083/api/recommendations/user/1","500","347","200","1496,76","True",""
"2026-05-25 12:35:24","Modulo Recomendaciones","recommendation-service","http://localhost:8083/api/recommendations/user/1","500","348","200","1489,37","True",""
"2026-05-25 12:35:24","Modulo Recomendaciones","recommendation-service","http://localhost:8083/api/recommendations/user/1","500","349","200","1523,15","True",""
"2026-05-25 12:35:24","Modulo Recomendaciones","recommendation-service","http://localhost:8083/api/recommendations/user/1","500","350","200","1469,37","True",""
"2026-05-25 12:35:24","Modulo Recomendaciones","recommendation-service","http://localhost:8083/api/recommendations/user/1","500","351","200","1522,28","True",""
"2026-05-25 12:35:24","Modulo Recomendaciones","recommendation-service","http://localhost:8083/api/recommendations/user/1","500","352","200","1475,8","True",""
"2026-05-25 12:35:24","Modulo Recomendaciones","recommendation-service","http://localhost:8083/api/recommendations/user/1","500","353","200","1833,57","True",""
"2026-05-25 12:35:24","Modulo Recomendaciones","recommendation-service","http://localhost:8083/api/recommendations/user/1","500","354","200","1500,65","True",""
"2026-05-25 12:35:24","Modulo Recomendaciones","recommendation-service","http://localhost:8083/api/recommendations/user/1","500","355","200","1544,1","True",""
"2026-05-25 12:35:24","Modulo Recomendaciones","recommendation-service","http://localhost:8083/api/recommendations/user/1","500","356","200","1497,59","True",""
"2026-05-25 12:35:24","Modulo Recomendaciones","recommendation-service","http://localhost:8083/api/recommendations/user/1","500","357","200","1530,15","True",""
"2026-05-25 12:35:24","Modulo Recomendaciones","recommendation-service","http://localhost:8083/api/recommendations/user/1","500","358","200","1492,71","True",""
"2026-05-25 12:35:24","Modulo Recomendaciones","recommendation-service","http://localhost:8083/api/recommendations/user/1","500","359","200","1555,4","True",""
"2026-05-25 12:35:24","Modulo Recomendaciones","recommendation-service","http://localhost:8083/api/recommendations/user/1","500","360","200","1540,7","True",""
"2026-05-25 12:35:24","Modulo Recomendaciones","recommendation-service","http://localhost:8083/api/recommendations/user/1","500","361","200","1613,97","True",""
"2026-05-25 12:35:24","Modulo Recomendaciones","recommendation-service","http://localhost:8083/api/recommendations/user/1","500","362","200","1547,11","True",""
"2026-05-25 12:35:24","Modulo Recomendaciones","recommendation-service","http://localhost:8083/api/recommendations/user/1","500","363","200","1553,21","True",""
"2026-05-25 12:35:24","Modulo Recomendaciones","recommendation-service","http://localhost:8083/api/recommendations/user/1","500","364","200","1589,41","True",""
"2026-05-25 12:35:24","Modulo Recomendaciones","recommendation-service","http://localhost:8083/api/recommendations/user/1","500","365","200","1597,44","True",""
"2026-05-25 12:35:24","Modulo Recomendaciones","recommendation-service","http://localhost:8083/api/recommendations/user/1","500","366","200","1546,46","True",""
"2026-05-25 12:35:24","Modulo Recomendaciones","recommendation-service","http://localhost:8083/api/recommendations/user/1","500","367","200","1549,9","True",""
"2026-05-25 12:35:24","Modulo Recomendaciones","recommendation-service","http://localhost:8083/api/recommendations/user/1","500","368","200","1580,47","True",""
"2026-05-25 12:35:24","Modulo Recomendaciones","recommendation-service","http://localhost:8083/api/recommendations/user/1","500","369","200","1569,31","True",""
"2026-05-25 12:35:24","Modulo Recomendaciones","recommendation-service","http://localhost:8083/api/recommendations/user/1","500","370","200","1567,56","True",""
"2026-05-25 12:35:24","Modulo Recomendaciones","recommendation-service","http://localhost:8083/api/recommendations/user/1","500","371","200","1596,61","True",""
"2026-05-25 12:35:24","Modulo Recomendaciones","recommendation-service","http://localhost:8083/api/recommendations/user/1","500","372","200","1577,93","True",""
"2026-05-25 12:35:24","Modulo Recomendaciones","recommendation-service","http://localhost:8083/api/recommendations/user/1","500","373","200","1556,33","True",""
"2026-05-25 12:35:24","Modulo Recomendaciones","recommendation-service","http://localhost:8083/api/recommendations/user/1","500","374","200","1556,31","True",""
"2026-05-25 12:35:24","Modulo Recomendaciones","recommendation-service","http://localhost:8083/api/recommendations/user/1","500","375","200","1571,2","True",""
"2026-05-25 12:35:24","Modulo Recomendaciones","recommendation-service","http://localhost:8083/api/recommendations/user/1","500","376","200","1764,6","True",""
"2026-05-25 12:35:24","Modulo Recomendaciones","recommendation-service","http://localhost:8083/api/recommendations/user/1","500","377","200","1617,85","True",""
"2026-05-25 12:35:24","Modulo Recomendaciones","recommendation-service","http://localhost:8083/api/recommendations/user/1","500","378","200","1598,83","True",""
"2026-05-25 12:35:24","Modulo Recomendaciones","recommendation-service","http://localhost:8083/api/recommendations/user/1","500","379","200","1624,89","True",""
"2026-05-25 12:35:24","Modulo Recomendaciones","recommendation-service","http://localhost:8083/api/recommendations/user/1","500","380","200","1579,92","True",""
"2026-05-25 12:35:24","Modulo Recomendaciones","recommendation-service","http://localhost:8083/api/recommendations/user/1","500","381","200","1594,83","True",""
"2026-05-25 12:35:24","Modulo Recomendaciones","recommendation-service","http://localhost:8083/api/recommendations/user/1","500","382","200","1584,72","True",""
"2026-05-25 12:35:24","Modulo Recomendaciones","recommendation-service","http://localhost:8083/api/recommendations/user/1","500","383","200","1579,74","True",""
"2026-05-25 12:35:24","Modulo Recomendaciones","recommendation-service","http://localhost:8083/api/recommendations/user/1","500","384","200","1838,05","True",""
"2026-05-25 12:35:24","Modulo Recomendaciones","recommendation-service","http://localhost:8083/api/recommendations/user/1","500","385","200","1613,85","True",""
"2026-05-25 12:35:24","Modulo Recomendaciones","recommendation-service","http://localhost:8083/api/recommendations/user/1","500","386","200","1831,3","True",""
"2026-05-25 12:35:24","Modulo Recomendaciones","recommendation-service","http://localhost:8083/api/recommendations/user/1","500","387","200","1825,56","True",""
"2026-05-25 12:35:24","Modulo Recomendaciones","recommendation-service","http://localhost:8083/api/recommendations/user/1","500","388","200","1653,77","True",""
"2026-05-25 12:35:24","Modulo Recomendaciones","recommendation-service","http://localhost:8083/api/recommendations/user/1","500","389","200","1600,08","True",""
"2026-05-25 12:35:24","Modulo Recomendaciones","recommendation-service","http://localhost:8083/api/recommendations/user/1","500","390","200","1599,98","True",""
"2026-05-25 12:35:24","Modulo Recomendaciones","recommendation-service","http://localhost:8083/api/recommendations/user/1","500","391","200","1605,34","True",""
"2026-05-25 12:35:24","Modulo Recomendaciones","recommendation-service","http://localhost:8083/api/recommendations/user/1","500","392","200","1823,31","True",""
"2026-05-25 12:35:24","Modulo Recomendaciones","recommendation-service","http://localhost:8083/api/recommendations/user/1","500","393","200","1810,1","True",""
"2026-05-25 12:35:24","Modulo Recomendaciones","recommendation-service","http://localhost:8083/api/recommendations/user/1","500","394","200","1601,97","True",""
"2026-05-25 12:35:24","Modulo Recomendaciones","recommendation-service","http://localhost:8083/api/recommendations/user/1","500","395","200","1819,01","True",""
"2026-05-25 12:35:24","Modulo Recomendaciones","recommendation-service","http://localhost:8083/api/recommendations/user/1","500","396","200","1598,28","True",""
"2026-05-25 12:35:24","Modulo Recomendaciones","recommendation-service","http://localhost:8083/api/recommendations/user/1","500","397","200","1815,2","True",""
"2026-05-25 12:35:24","Modulo Recomendaciones","recommendation-service","http://localhost:8083/api/recommendations/user/1","500","398","200","1829,79","True",""
"2026-05-25 12:35:24","Modulo Recomendaciones","recommendation-service","http://localhost:8083/api/recommendations/user/1","500","399","200","1612,92","True",""
"2026-05-25 12:35:24","Modulo Recomendaciones","recommendation-service","http://localhost:8083/api/recommendations/user/1","500","400","200","1822,18","True",""
"2026-05-25 12:35:24","Modulo Recomendaciones","recommendation-service","http://localhost:8083/api/recommendations/user/1","500","401","200","1823,76","True",""
"2026-05-25 12:35:24","Modulo Recomendaciones","recommendation-service","http://localhost:8083/api/recommendations/user/1","500","402","200","1619,26","True",""
"2026-05-25 12:35:24","Modulo Recomendaciones","recommendation-service","http://localhost:8083/api/recommendations/user/1","500","403","200","1808,08","True",""
"2026-05-25 12:35:24","Modulo Recomendaciones","recommendation-service","http://localhost:8083/api/recommendations/user/1","500","404","200","1805,83","True",""
"2026-05-25 12:35:24","Modulo Recomendaciones","recommendation-service","http://localhost:8083/api/recommendations/user/1","500","405","200","1828,33","True",""
"2026-05-25 12:35:24","Modulo Recomendaciones","recommendation-service","http://localhost:8083/api/recommendations/user/1","500","406","200","1835,34","True",""
"2026-05-25 12:35:24","Modulo Recomendaciones","recommendation-service","http://localhost:8083/api/recommendations/user/1","500","407","200","1809,88","True",""
"2026-05-25 12:35:24","Modulo Recomendaciones","recommendation-service","http://localhost:8083/api/recommendations/user/1","500","408","200","1820,53","True",""
"2026-05-25 12:35:24","Modulo Recomendaciones","recommendation-service","http://localhost:8083/api/recommendations/user/1","500","409","200","1825,22","True",""
"2026-05-25 12:35:24","Modulo Recomendaciones","recommendation-service","http://localhost:8083/api/recommendations/user/1","500","410","200","1649,92","True",""
"2026-05-25 12:35:24","Modulo Recomendaciones","recommendation-service","http://localhost:8083/api/recommendations/user/1","500","411","200","1823,24","True",""
"2026-05-25 12:35:24","Modulo Recomendaciones","recommendation-service","http://localhost:8083/api/recommendations/user/1","500","412","200","1834,59","True",""
"2026-05-25 12:35:24","Modulo Recomendaciones","recommendation-service","http://localhost:8083/api/recommendations/user/1","500","413","200","1824,54","True",""
"2026-05-25 12:35:24","Modulo Recomendaciones","recommendation-service","http://localhost:8083/api/recommendations/user/1","500","414","200","1808,75","True",""
"2026-05-25 12:35:24","Modulo Recomendaciones","recommendation-service","http://localhost:8083/api/recommendations/user/1","500","415","200","1661,61","True",""
"2026-05-25 12:35:24","Modulo Recomendaciones","recommendation-service","http://localhost:8083/api/recommendations/user/1","500","416","200","1811,3","True",""
"2026-05-25 12:35:24","Modulo Recomendaciones","recommendation-service","http://localhost:8083/api/recommendations/user/1","500","417","200","1803,18","True",""
"2026-05-25 12:35:24","Modulo Recomendaciones","recommendation-service","http://localhost:8083/api/recommendations/user/1","500","418","200","1833,79","True",""
"2026-05-25 12:35:24","Modulo Recomendaciones","recommendation-service","http://localhost:8083/api/recommendations/user/1","500","419","200","1832,35","True",""
"2026-05-25 12:35:24","Modulo Recomendaciones","recommendation-service","http://localhost:8083/api/recommendations/user/1","500","420","200","1803,84","True",""
"2026-05-25 12:35:24","Modulo Recomendaciones","recommendation-service","http://localhost:8083/api/recommendations/user/1","500","421","200","1824,31","True",""
"2026-05-25 12:35:24","Modulo Recomendaciones","recommendation-service","http://localhost:8083/api/recommendations/user/1","500","422","200","1630,42","True",""
"2026-05-25 12:35:24","Modulo Recomendaciones","recommendation-service","http://localhost:8083/api/recommendations/user/1","500","423","200","1828,99","True",""
"2026-05-25 12:35:24","Modulo Recomendaciones","recommendation-service","http://localhost:8083/api/recommendations/user/1","500","424","200","1656,33","True",""
"2026-05-25 12:35:24","Modulo Recomendaciones","recommendation-service","http://localhost:8083/api/recommendations/user/1","500","425","200","1676,69","True",""
"2026-05-25 12:35:24","Modulo Recomendaciones","recommendation-service","http://localhost:8083/api/recommendations/user/1","500","426","200","1807,88","True",""
"2026-05-25 12:35:24","Modulo Recomendaciones","recommendation-service","http://localhost:8083/api/recommendations/user/1","500","427","200","1810,95","True",""
"2026-05-25 12:35:24","Modulo Recomendaciones","recommendation-service","http://localhost:8083/api/recommendations/user/1","500","428","200","1801","True",""
"2026-05-25 12:35:24","Modulo Recomendaciones","recommendation-service","http://localhost:8083/api/recommendations/user/1","500","429","200","1815,98","True",""
"2026-05-25 12:35:24","Modulo Recomendaciones","recommendation-service","http://localhost:8083/api/recommendations/user/1","500","430","200","1748,26","True",""
"2026-05-25 12:35:24","Modulo Recomendaciones","recommendation-service","http://localhost:8083/api/recommendations/user/1","500","431","200","1611,87","True",""
"2026-05-25 12:35:24","Modulo Recomendaciones","recommendation-service","http://localhost:8083/api/recommendations/user/1","500","432","200","1812,02","True",""
"2026-05-25 12:35:24","Modulo Recomendaciones","recommendation-service","http://localhost:8083/api/recommendations/user/1","500","433","200","1826,64","True",""
"2026-05-25 12:35:24","Modulo Recomendaciones","recommendation-service","http://localhost:8083/api/recommendations/user/1","500","434","200","1664,37","True",""
"2026-05-25 12:35:24","Modulo Recomendaciones","recommendation-service","http://localhost:8083/api/recommendations/user/1","500","435","200","1626,55","True",""
"2026-05-25 12:35:24","Modulo Recomendaciones","recommendation-service","http://localhost:8083/api/recommendations/user/1","500","436","200","1823,51","True",""
"2026-05-25 12:35:24","Modulo Recomendaciones","recommendation-service","http://localhost:8083/api/recommendations/user/1","500","437","200","1803,04","True",""
"2026-05-25 12:35:24","Modulo Recomendaciones","recommendation-service","http://localhost:8083/api/recommendations/user/1","500","438","200","1641,91","True",""
"2026-05-25 12:35:24","Modulo Recomendaciones","recommendation-service","http://localhost:8083/api/recommendations/user/1","500","439","200","1673,08","True",""
"2026-05-25 12:35:24","Modulo Recomendaciones","recommendation-service","http://localhost:8083/api/recommendations/user/1","500","440","200","1665,61","True",""
"2026-05-25 12:35:24","Modulo Recomendaciones","recommendation-service","http://localhost:8083/api/recommendations/user/1","500","441","200","1609,03","True",""
"2026-05-25 12:35:24","Modulo Recomendaciones","recommendation-service","http://localhost:8083/api/recommendations/user/1","500","442","200","1622,56","True",""
"2026-05-25 12:35:24","Modulo Recomendaciones","recommendation-service","http://localhost:8083/api/recommendations/user/1","500","443","200","1640,79","True",""
"2026-05-25 12:35:24","Modulo Recomendaciones","recommendation-service","http://localhost:8083/api/recommendations/user/1","500","444","200","1630,9","True",""
"2026-05-25 12:35:24","Modulo Recomendaciones","recommendation-service","http://localhost:8083/api/recommendations/user/1","500","445","200","1639,73","True",""
"2026-05-25 12:35:24","Modulo Recomendaciones","recommendation-service","http://localhost:8083/api/recommendations/user/1","500","446","200","1609","True",""
"2026-05-25 12:35:24","Modulo Recomendaciones","recommendation-service","http://localhost:8083/api/recommendations/user/1","500","447","200","1634,72","True",""
"2026-05-25 12:35:24","Modulo Recomendaciones","recommendation-service","http://localhost:8083/api/recommendations/user/1","500","448","200","1618,98","True",""
"2026-05-25 12:35:24","Modulo Recomendaciones","recommendation-service","http://localhost:8083/api/recommendations/user/1","500","449","200","1627,13","True",""
"2026-05-25 12:35:24","Modulo Recomendaciones","recommendation-service","http://localhost:8083/api/recommendations/user/1","500","450","200","1638,34","True",""
"2026-05-25 12:35:24","Modulo Recomendaciones","recommendation-service","http://localhost:8083/api/recommendations/user/1","500","451","200","1615,73","True",""
"2026-05-25 12:35:24","Modulo Recomendaciones","recommendation-service","http://localhost:8083/api/recommendations/user/1","500","452","200","1650,14","True",""
"2026-05-25 12:35:24","Modulo Recomendaciones","recommendation-service","http://localhost:8083/api/recommendations/user/1","500","453","200","1653,75","True",""
"2026-05-25 12:35:24","Modulo Recomendaciones","recommendation-service","http://localhost:8083/api/recommendations/user/1","500","454","200","1634,52","True",""
"2026-05-25 12:35:24","Modulo Recomendaciones","recommendation-service","http://localhost:8083/api/recommendations/user/1","500","455","200","1653,07","True",""
"2026-05-25 12:35:24","Modulo Recomendaciones","recommendation-service","http://localhost:8083/api/recommendations/user/1","500","456","200","1621,75","True",""
"2026-05-25 12:35:24","Modulo Recomendaciones","recommendation-service","http://localhost:8083/api/recommendations/user/1","500","457","200","1690,25","True",""
"2026-05-25 12:35:24","Modulo Recomendaciones","recommendation-service","http://localhost:8083/api/recommendations/user/1","500","458","200","1649,67","True",""
"2026-05-25 12:35:24","Modulo Recomendaciones","recommendation-service","http://localhost:8083/api/recommendations/user/1","500","459","200","1780,47","True",""
"2026-05-25 12:35:24","Modulo Recomendaciones","recommendation-service","http://localhost:8083/api/recommendations/user/1","500","460","200","1666,54","True",""
"2026-05-25 12:35:24","Modulo Recomendaciones","recommendation-service","http://localhost:8083/api/recommendations/user/1","500","461","200","1670,18","True",""
"2026-05-25 12:35:24","Modulo Recomendaciones","recommendation-service","http://localhost:8083/api/recommendations/user/1","500","462","200","1663,24","True",""
"2026-05-25 12:35:24","Modulo Recomendaciones","recommendation-service","http://localhost:8083/api/recommendations/user/1","500","463","200","1762,21","True",""
"2026-05-25 12:35:24","Modulo Recomendaciones","recommendation-service","http://localhost:8083/api/recommendations/user/1","500","464","200","1641,67","True",""
"2026-05-25 12:35:24","Modulo Recomendaciones","recommendation-service","http://localhost:8083/api/recommendations/user/1","500","465","200","1685,84","True",""
"2026-05-25 12:35:24","Modulo Recomendaciones","recommendation-service","http://localhost:8083/api/recommendations/user/1","500","466","200","1769,63","True",""
"2026-05-25 12:35:24","Modulo Recomendaciones","recommendation-service","http://localhost:8083/api/recommendations/user/1","500","467","200","1631,54","True",""
"2026-05-25 12:35:24","Modulo Recomendaciones","recommendation-service","http://localhost:8083/api/recommendations/user/1","500","468","200","1685,8","True",""
"2026-05-25 12:35:24","Modulo Recomendaciones","recommendation-service","http://localhost:8083/api/recommendations/user/1","500","469","200","1665,51","True",""
"2026-05-25 12:35:24","Modulo Recomendaciones","recommendation-service","http://localhost:8083/api/recommendations/user/1","500","470","200","1673,9","True",""
"2026-05-25 12:35:24","Modulo Recomendaciones","recommendation-service","http://localhost:8083/api/recommendations/user/1","500","471","200","1766,27","True",""
"2026-05-25 12:35:24","Modulo Recomendaciones","recommendation-service","http://localhost:8083/api/recommendations/user/1","500","472","200","1667,82","True",""
"2026-05-25 12:35:24","Modulo Recomendaciones","recommendation-service","http://localhost:8083/api/recommendations/user/1","500","473","200","1743,89","True",""
"2026-05-25 12:35:24","Modulo Recomendaciones","recommendation-service","http://localhost:8083/api/recommendations/user/1","500","474","200","1685,25","True",""
"2026-05-25 12:35:24","Modulo Recomendaciones","recommendation-service","http://localhost:8083/api/recommendations/user/1","500","475","200","1679,75","True",""
"2026-05-25 12:35:24","Modulo Recomendaciones","recommendation-service","http://localhost:8083/api/recommendations/user/1","500","476","200","1729,95","True",""
"2026-05-25 12:35:24","Modulo Recomendaciones","recommendation-service","http://localhost:8083/api/recommendations/user/1","500","477","200","1765,41","True",""
"2026-05-25 12:35:24","Modulo Recomendaciones","recommendation-service","http://localhost:8083/api/recommendations/user/1","500","478","200","1687,81","True",""
"2026-05-25 12:35:24","Modulo Recomendaciones","recommendation-service","http://localhost:8083/api/recommendations/user/1","500","479","200","1764,03","True",""
"2026-05-25 12:35:24","Modulo Recomendaciones","recommendation-service","http://localhost:8083/api/recommendations/user/1","500","480","200","1807,21","True",""
"2026-05-25 12:35:24","Modulo Recomendaciones","recommendation-service","http://localhost:8083/api/recommendations/user/1","500","481","200","1732,61","True",""
"2026-05-25 12:35:24","Modulo Recomendaciones","recommendation-service","http://localhost:8083/api/recommendations/user/1","500","482","200","1759,79","True",""
"2026-05-25 12:35:24","Modulo Recomendaciones","recommendation-service","http://localhost:8083/api/recommendations/user/1","500","483","200","1751,58","True",""
"2026-05-25 12:35:24","Modulo Recomendaciones","recommendation-service","http://localhost:8083/api/recommendations/user/1","500","484","200","1727,28","True",""
"2026-05-25 12:35:24","Modulo Recomendaciones","recommendation-service","http://localhost:8083/api/recommendations/user/1","500","485","200","1755,43","True",""
"2026-05-25 12:35:24","Modulo Recomendaciones","recommendation-service","http://localhost:8083/api/recommendations/user/1","500","486","200","1760,18","True",""
"2026-05-25 12:35:24","Modulo Recomendaciones","recommendation-service","http://localhost:8083/api/recommendations/user/1","500","487","200","1734,76","True",""
"2026-05-25 12:35:24","Modulo Recomendaciones","recommendation-service","http://localhost:8083/api/recommendations/user/1","500","488","200","1759,19","True",""
"2026-05-25 12:35:24","Modulo Recomendaciones","recommendation-service","http://localhost:8083/api/recommendations/user/1","500","489","200","1761,36","True",""
"2026-05-25 12:35:24","Modulo Recomendaciones","recommendation-service","http://localhost:8083/api/recommendations/user/1","500","490","200","1766,65","True",""
"2026-05-25 12:35:24","Modulo Recomendaciones","recommendation-service","http://localhost:8083/api/recommendations/user/1","500","491","200","1763,56","True",""
"2026-05-25 12:35:24","Modulo Recomendaciones","recommendation-service","http://localhost:8083/api/recommendations/user/1","500","492","200","1718,45","True",""
"2026-05-25 12:35:24","Modulo Recomendaciones","recommendation-service","http://localhost:8083/api/recommendations/user/1","500","493","200","1733,33","True",""
"2026-05-25 12:35:24","Modulo Recomendaciones","recommendation-service","http://localhost:8083/api/recommendations/user/1","500","494","200","1782,53","True",""
"2026-05-25 12:35:24","Modulo Recomendaciones","recommendation-service","http://localhost:8083/api/recommendations/user/1","500","495","200","1774,68","True",""
"2026-05-25 12:35:24","Modulo Recomendaciones","recommendation-service","http://localhost:8083/api/recommendations/user/1","500","496","200","1800,85","True",""
"2026-05-25 12:35:24","Modulo Recomendaciones","recommendation-service","http://localhost:8083/api/recommendations/user/1","500","497","200","1767,42","True",""
"2026-05-25 12:35:24","Modulo Recomendaciones","recommendation-service","http://localhost:8083/api/recommendations/user/1","500","498","200","1756,99","True",""
"2026-05-25 12:35:24","Modulo Recomendaciones","recommendation-service","http://localhost:8083/api/recommendations/user/1","500","499","200","1783,19","True",""
"2026-05-25 12:35:24","Modulo Recomendaciones","recommendation-service","http://localhost:8083/api/recommendations/user/1","500","500","200","1756,48","True",""
